unique_solution_0_4_5.py,unique_solution_0_0_9.py,0.0806
unique_solution_0_4_5.py,unique_solution_0_4_1.py,0.0458
unique_solution_0_4_5.py,unique_solution_0_1_8.py,0.0213
unique_solution_0_4_5.py,unique_solution_0_0_8.py,0.0564
unique_solution_0_4_5.py,unique_solution_0_3_10.py,0.0213
unique_solution_0_4_5.py,unique_solution_0_1_9.py,0.0213
unique_solution_0_4_5.py,unique_solution_0_4_4.py,0.0886
unique_solution_0_4_5.py,unique_solution_0_0_7.py,0.0346
unique_solution_0_4_5.py,unique_solution_0_1_6.py,0.1035
unique_solution_0_4_5.py,unique_solution_0_2_1.py,0.0458
unique_solution_0_4_5.py,unique_solution_0_0_3.py,0.0708
unique_solution_0_4_5.py,unique_solution_0_3_4.py,0.0373
unique_solution_0_4_5.py,unique_solution_0_2_5.py,0.0534
unique_solution_0_4_5.py,unique_solution_0_1_2.py,0.0365
unique_solution_0_4_5.py,unique_solution_0_0_2.py,0.0373
unique_solution_0_4_5.py,unique_solution_0_3_5.py,0.0534
unique_solution_0_4_5.py,unique_solution_0_0_10.py,0.0769
unique_solution_0_4_5.py,unique_solution_0_2_4.py,0.0995
unique_solution_0_4_5.py,unique_solution_0_1_3.py,0.0612
unique_solution_0_4_5.py,unique_solution_0_3_1.py,0.0214
unique_solution_0_4_5.py,unique_solution_0_0_6.py,0.0386
unique_solution_0_4_5.py,unique_solution_0_1_7.py,0.0213
unique_solution_0_4_5.py,unique_solution_0_0_1.py,0.0506
unique_solution_0_4_5.py,unique_solution_0_3_6.py,0.0534
unique_solution_0_4_5.py,unique_solution_0_2_7.py,0.0213
unique_solution_0_4_5.py,unique_solution_0_4_9.py,0.035
unique_solution_0_4_5.py,unique_solution_0_3_2.py,0.0458
unique_solution_0_4_5.py,unique_solution_0_0_5.py,0.0333
unique_solution_0_4_5.py,unique_solution_0_1_4.py,0.0995
unique_solution_0_4_5.py,unique_solution_0_2_3.py,0.0364
unique_solution_0_4_5.py,unique_solution_0_3_3.py,0.0539
unique_solution_0_4_5.py,unique_solution_0_0_4.py,0.0809
unique_solution_0_4_5.py,unique_solution_0_1_5.py,0.0342
unique_solution_0_4_5.py,unique_solution_0_2_2.py,0.0621
unique_solution_0_4_5.py,unique_solution_0_3_7.py,0.0454
unique_solution_0_4_5.py,unique_solution_0_2_6.py,0.0364
unique_solution_0_4_5.py,unique_solution_0_1_1.py,0.0458
unique_solution_0_4_5.py,unique_solution_0_4_8.py,0.035
unique_solution_0_4_5.py,unique_solution_0_4_3.py,0.1046
unique_solution_0_4_5.py,unique_solution_0_3_8.py,0.0838
unique_solution_0_4_5.py,unique_solution_0_4_7.py,0.0458
unique_solution_0_4_5.py,unique_solution_0_2_9.py,0.0278
unique_solution_0_4_5.py,unique_solution_0_3_9.py,0.0394
unique_solution_0_4_5.py,unique_solution_0_4_6.py,0.0941
unique_solution_0_4_5.py,unique_solution_0_2_8.py,0.0479
unique_solution_0_4_5.py,unique_solution_0_4_2.py,0.0212
unique_solution_0_0_9.py,unique_solution_0_4_1.py,0.0449
unique_solution_0_0_9.py,unique_solution_0_1_8.py,0.0246
unique_solution_0_0_9.py,unique_solution_0_0_8.py,0.1177
unique_solution_0_0_9.py,unique_solution_0_3_10.py,0.0246
unique_solution_0_0_9.py,unique_solution_0_1_9.py,0.0246
unique_solution_0_0_9.py,unique_solution_0_4_4.py,0.087
unique_solution_0_0_9.py,unique_solution_0_0_7.py,0.0377
unique_solution_0_0_9.py,unique_solution_0_1_6.py,0.6677
unique_solution_0_0_9.py,unique_solution_0_2_1.py,0.0449
unique_solution_0_0_9.py,unique_solution_0_0_3.py,0.1934
unique_solution_0_0_9.py,unique_solution_0_3_4.py,0.0409
unique_solution_0_0_9.py,unique_solution_0_2_5.py,0.0753
unique_solution_0_0_9.py,unique_solution_0_1_2.py,0.0404
unique_solution_0_0_9.py,unique_solution_0_0_2.py,0.0404
unique_solution_0_0_9.py,unique_solution_0_3_5.py,0.0753
unique_solution_0_0_9.py,unique_solution_0_0_10.py,0.162
unique_solution_0_0_9.py,unique_solution_0_2_4.py,0.0889
unique_solution_0_0_9.py,unique_solution_0_1_3.py,0.0568
unique_solution_0_0_9.py,unique_solution_0_3_1.py,0.0238
unique_solution_0_0_9.py,unique_solution_0_0_6.py,0.579
unique_solution_0_0_9.py,unique_solution_0_1_7.py,0.0246
unique_solution_0_0_9.py,unique_solution_0_0_1.py,0.0709
unique_solution_0_0_9.py,unique_solution_0_3_6.py,0.0753
unique_solution_0_0_9.py,unique_solution_0_2_7.py,0.0246
unique_solution_0_0_9.py,unique_solution_0_4_9.py,0.0402
unique_solution_0_0_9.py,unique_solution_0_3_2.py,0.0449
unique_solution_0_0_9.py,unique_solution_0_0_5.py,0.036
unique_solution_0_0_9.py,unique_solution_0_1_4.py,0.0889
unique_solution_0_0_9.py,unique_solution_0_2_3.py,0.0398
unique_solution_0_0_9.py,unique_solution_0_3_3.py,0.0781
unique_solution_0_0_9.py,unique_solution_0_0_4.py,0.0748
unique_solution_0_0_9.py,unique_solution_0_1_5.py,0.0368
unique_solution_0_0_9.py,unique_solution_0_2_2.py,0.0573
unique_solution_0_0_9.py,unique_solution_0_3_7.py,0.0576
unique_solution_0_0_9.py,unique_solution_0_2_6.py,0.0398
unique_solution_0_0_9.py,unique_solution_0_1_1.py,0.0449
unique_solution_0_0_9.py,unique_solution_0_4_8.py,0.0402
unique_solution_0_0_9.py,unique_solution_0_4_3.py,0.0934
unique_solution_0_0_9.py,unique_solution_0_3_8.py,0.0903
unique_solution_0_0_9.py,unique_solution_0_4_7.py,0.0449
unique_solution_0_0_9.py,unique_solution_0_2_9.py,0.0319
unique_solution_0_0_9.py,unique_solution_0_3_9.py,0.0382
unique_solution_0_0_9.py,unique_solution_0_4_6.py,0.0836
unique_solution_0_0_9.py,unique_solution_0_2_8.py,0.0549
unique_solution_0_0_9.py,unique_solution_0_4_2.py,0.0236
unique_solution_0_4_1.py,unique_solution_0_1_8.py,0.0362
unique_solution_0_4_1.py,unique_solution_0_0_8.py,0.0263
unique_solution_0_4_1.py,unique_solution_0_3_10.py,0.0362
unique_solution_0_4_1.py,unique_solution_0_1_9.py,0.0362
unique_solution_0_4_1.py,unique_solution_0_4_4.py,0.0446
unique_solution_0_4_1.py,unique_solution_0_0_7.py,0.0346
unique_solution_0_4_1.py,unique_solution_0_1_6.py,0.0581
unique_solution_0_4_1.py,unique_solution_0_2_1.py,1.0
unique_solution_0_4_1.py,unique_solution_0_0_3.py,0.0371
unique_solution_0_4_1.py,unique_solution_0_3_4.py,0.032
unique_solution_0_4_1.py,unique_solution_0_2_5.py,0.0659
unique_solution_0_4_1.py,unique_solution_0_1_2.py,0.8003
unique_solution_0_4_1.py,unique_solution_0_0_2.py,0.0545
unique_solution_0_4_1.py,unique_solution_0_3_5.py,0.0659
unique_solution_0_4_1.py,unique_solution_0_0_10.py,0.0423
unique_solution_0_4_1.py,unique_solution_0_2_4.py,0.0551
unique_solution_0_4_1.py,unique_solution_0_1_3.py,0.0324
unique_solution_0_4_1.py,unique_solution_0_3_1.py,0.8785
unique_solution_0_4_1.py,unique_solution_0_0_6.py,0.0401
unique_solution_0_4_1.py,unique_solution_0_1_7.py,0.0362
unique_solution_0_4_1.py,unique_solution_0_0_1.py,0.0613
unique_solution_0_4_1.py,unique_solution_0_3_6.py,0.0659
unique_solution_0_4_1.py,unique_solution_0_2_7.py,0.0362
unique_solution_0_4_1.py,unique_solution_0_4_9.py,0.0587
unique_solution_0_4_1.py,unique_solution_0_3_2.py,1.0
unique_solution_0_4_1.py,unique_solution_0_0_5.py,0.0328
unique_solution_0_4_1.py,unique_solution_0_1_4.py,0.0551
unique_solution_0_4_1.py,unique_solution_0_2_3.py,0.0309
unique_solution_0_4_1.py,unique_solution_0_3_3.py,0.0751
unique_solution_0_4_1.py,unique_solution_0_0_4.py,0.0409
unique_solution_0_4_1.py,unique_solution_0_1_5.py,0.0243
unique_solution_0_4_1.py,unique_solution_0_2_2.py,0.8357
unique_solution_0_4_1.py,unique_solution_0_3_7.py,0.0307
unique_solution_0_4_1.py,unique_solution_0_2_6.py,0.0309
unique_solution_0_4_1.py,unique_solution_0_1_1.py,1.0
unique_solution_0_4_1.py,unique_solution_0_4_8.py,0.0587
unique_solution_0_4_1.py,unique_solution_0_4_3.py,0.8772
unique_solution_0_4_1.py,unique_solution_0_3_8.py,0.0391
unique_solution_0_4_1.py,unique_solution_0_4_7.py,1.0
unique_solution_0_4_1.py,unique_solution_0_2_9.py,0.0464
unique_solution_0_4_1.py,unique_solution_0_3_9.py,0.0873
unique_solution_0_4_1.py,unique_solution_0_4_6.py,0.0511
unique_solution_0_4_1.py,unique_solution_0_2_8.py,0.0452
unique_solution_0_4_1.py,unique_solution_0_4_2.py,0.0536
unique_solution_0_1_8.py,unique_solution_0_0_8.py,0.0223
unique_solution_0_1_8.py,unique_solution_0_3_10.py,1.0
unique_solution_0_1_8.py,unique_solution_0_1_9.py,1.0
unique_solution_0_1_8.py,unique_solution_0_4_4.py,0.0243
unique_solution_0_1_8.py,unique_solution_0_0_7.py,0.0256
unique_solution_0_1_8.py,unique_solution_0_1_6.py,0.0303
unique_solution_0_1_8.py,unique_solution_0_2_1.py,0.0362
unique_solution_0_1_8.py,unique_solution_0_0_3.py,0.0251
unique_solution_0_1_8.py,unique_solution_0_3_4.py,0.0299
unique_solution_0_1_8.py,unique_solution_0_2_5.py,0.0271
unique_solution_0_1_8.py,unique_solution_0_1_2.py,0.0385
unique_solution_0_1_8.py,unique_solution_0_0_2.py,0.0235
unique_solution_0_1_8.py,unique_solution_0_3_5.py,0.0271
unique_solution_0_1_8.py,unique_solution_0_0_10.py,0.0225
unique_solution_0_1_8.py,unique_solution_0_2_4.py,0.0279
unique_solution_0_1_8.py,unique_solution_0_1_3.py,0.0304
unique_solution_0_1_8.py,unique_solution_0_3_1.py,0.0412
unique_solution_0_1_8.py,unique_solution_0_0_6.py,0.0321
unique_solution_0_1_8.py,unique_solution_0_1_7.py,1.0
unique_solution_0_1_8.py,unique_solution_0_0_1.py,0.0243
unique_solution_0_1_8.py,unique_solution_0_3_6.py,0.0271
unique_solution_0_1_8.py,unique_solution_0_2_7.py,1.0
unique_solution_0_1_8.py,unique_solution_0_4_9.py,0.1027
unique_solution_0_1_8.py,unique_solution_0_3_2.py,0.0362
unique_solution_0_1_8.py,unique_solution_0_0_5.py,0.0236
unique_solution_0_1_8.py,unique_solution_0_1_4.py,0.0279
unique_solution_0_1_8.py,unique_solution_0_2_3.py,0.0284
unique_solution_0_1_8.py,unique_solution_0_3_3.py,0.0331
unique_solution_0_1_8.py,unique_solution_0_0_4.py,0.0197
unique_solution_0_1_8.py,unique_solution_0_1_5.py,0.0201
unique_solution_0_1_8.py,unique_solution_0_2_2.py,0.0377
unique_solution_0_1_8.py,unique_solution_0_3_7.py,0.0215
unique_solution_0_1_8.py,unique_solution_0_2_6.py,0.0284
unique_solution_0_1_8.py,unique_solution_0_1_1.py,0.0362
unique_solution_0_1_8.py,unique_solution_0_4_8.py,0.1027
unique_solution_0_1_8.py,unique_solution_0_4_3.py,0.0345
unique_solution_0_1_8.py,unique_solution_0_3_8.py,0.0202
unique_solution_0_1_8.py,unique_solution_0_4_7.py,0.0362
unique_solution_0_1_8.py,unique_solution_0_2_9.py,0.099
unique_solution_0_1_8.py,unique_solution_0_3_9.py,0.0236
unique_solution_0_1_8.py,unique_solution_0_4_6.py,0.025
unique_solution_0_1_8.py,unique_solution_0_2_8.py,0.0923
unique_solution_0_1_8.py,unique_solution_0_4_2.py,0.0402
unique_solution_0_0_8.py,unique_solution_0_3_10.py,0.0223
unique_solution_0_0_8.py,unique_solution_0_1_9.py,0.0223
unique_solution_0_0_8.py,unique_solution_0_4_4.py,0.0607
unique_solution_0_0_8.py,unique_solution_0_0_7.py,0.0267
unique_solution_0_0_8.py,unique_solution_0_1_6.py,0.0849
unique_solution_0_0_8.py,unique_solution_0_2_1.py,0.0263
unique_solution_0_0_8.py,unique_solution_0_0_3.py,0.1146
unique_solution_0_0_8.py,unique_solution_0_3_4.py,0.0385
unique_solution_0_0_8.py,unique_solution_0_2_5.py,0.0412
unique_solution_0_0_8.py,unique_solution_0_1_2.py,0.0378
unique_solution_0_0_8.py,unique_solution_0_0_2.py,0.0383
unique_solution_0_0_8.py,unique_solution_0_3_5.py,0.0412
unique_solution_0_0_8.py,unique_solution_0_0_10.py,0.1122
unique_solution_0_0_8.py,unique_solution_0_2_4.py,0.0652
unique_solution_0_0_8.py,unique_solution_0_1_3.py,0.0631
unique_solution_0_0_8.py,unique_solution_0_3_1.py,0.0222
unique_solution_0_0_8.py,unique_solution_0_0_6.py,0.0473
unique_solution_0_0_8.py,unique_solution_0_1_7.py,0.0223
unique_solution_0_0_8.py,unique_solution_0_0_1.py,0.039
unique_solution_0_0_8.py,unique_solution_0_3_6.py,0.0412
unique_solution_0_0_8.py,unique_solution_0_2_7.py,0.0223
unique_solution_0_0_8.py,unique_solution_0_4_9.py,0.0293
unique_solution_0_0_8.py,unique_solution_0_3_2.py,0.0263
unique_solution_0_0_8.py,unique_solution_0_0_5.py,0.0256
unique_solution_0_0_8.py,unique_solution_0_1_4.py,0.0652
unique_solution_0_0_8.py,unique_solution_0_2_3.py,0.0375
unique_solution_0_0_8.py,unique_solution_0_3_3.py,0.0404
unique_solution_0_0_8.py,unique_solution_0_0_4.py,0.0578
unique_solution_0_0_8.py,unique_solution_0_1_5.py,0.035
unique_solution_0_0_8.py,unique_solution_0_2_2.py,0.0642
unique_solution_0_0_8.py,unique_solution_0_3_7.py,0.0405
unique_solution_0_0_8.py,unique_solution_0_2_6.py,0.0375
unique_solution_0_0_8.py,unique_solution_0_1_1.py,0.0263
unique_solution_0_0_8.py,unique_solution_0_4_8.py,0.0293
unique_solution_0_0_8.py,unique_solution_0_4_3.py,0.0669
unique_solution_0_0_8.py,unique_solution_0_3_8.py,0.0586
unique_solution_0_0_8.py,unique_solution_0_4_7.py,0.0263
unique_solution_0_0_8.py,unique_solution_0_2_9.py,0.0291
unique_solution_0_0_8.py,unique_solution_0_3_9.py,0.0256
unique_solution_0_0_8.py,unique_solution_0_4_6.py,0.0616
unique_solution_0_0_8.py,unique_solution_0_2_8.py,0.0501
unique_solution_0_0_8.py,unique_solution_0_4_2.py,0.022
unique_solution_0_3_10.py,unique_solution_0_1_9.py,1.0
unique_solution_0_3_10.py,unique_solution_0_4_4.py,0.0243
unique_solution_0_3_10.py,unique_solution_0_0_7.py,0.0256
unique_solution_0_3_10.py,unique_solution_0_1_6.py,0.0303
unique_solution_0_3_10.py,unique_solution_0_2_1.py,0.0362
unique_solution_0_3_10.py,unique_solution_0_0_3.py,0.0251
unique_solution_0_3_10.py,unique_solution_0_3_4.py,0.0299
unique_solution_0_3_10.py,unique_solution_0_2_5.py,0.0271
unique_solution_0_3_10.py,unique_solution_0_1_2.py,0.0385
unique_solution_0_3_10.py,unique_solution_0_0_2.py,0.0235
unique_solution_0_3_10.py,unique_solution_0_3_5.py,0.0271
unique_solution_0_3_10.py,unique_solution_0_0_10.py,0.0225
unique_solution_0_3_10.py,unique_solution_0_2_4.py,0.0279
unique_solution_0_3_10.py,unique_solution_0_1_3.py,0.0304
unique_solution_0_3_10.py,unique_solution_0_3_1.py,0.0412
unique_solution_0_3_10.py,unique_solution_0_0_6.py,0.0321
unique_solution_0_3_10.py,unique_solution_0_1_7.py,1.0
unique_solution_0_3_10.py,unique_solution_0_0_1.py,0.0243
unique_solution_0_3_10.py,unique_solution_0_3_6.py,0.0271
unique_solution_0_3_10.py,unique_solution_0_2_7.py,1.0
unique_solution_0_3_10.py,unique_solution_0_4_9.py,0.1027
unique_solution_0_3_10.py,unique_solution_0_3_2.py,0.0362
unique_solution_0_3_10.py,unique_solution_0_0_5.py,0.0236
unique_solution_0_3_10.py,unique_solution_0_1_4.py,0.0279
unique_solution_0_3_10.py,unique_solution_0_2_3.py,0.0284
unique_solution_0_3_10.py,unique_solution_0_3_3.py,0.0331
unique_solution_0_3_10.py,unique_solution_0_0_4.py,0.0197
unique_solution_0_3_10.py,unique_solution_0_1_5.py,0.0201
unique_solution_0_3_10.py,unique_solution_0_2_2.py,0.0377
unique_solution_0_3_10.py,unique_solution_0_3_7.py,0.0215
unique_solution_0_3_10.py,unique_solution_0_2_6.py,0.0284
unique_solution_0_3_10.py,unique_solution_0_1_1.py,0.0362
unique_solution_0_3_10.py,unique_solution_0_4_8.py,0.1027
unique_solution_0_3_10.py,unique_solution_0_4_3.py,0.0345
unique_solution_0_3_10.py,unique_solution_0_3_8.py,0.0202
unique_solution_0_3_10.py,unique_solution_0_4_7.py,0.0362
unique_solution_0_3_10.py,unique_solution_0_2_9.py,0.099
unique_solution_0_3_10.py,unique_solution_0_3_9.py,0.0236
unique_solution_0_3_10.py,unique_solution_0_4_6.py,0.025
unique_solution_0_3_10.py,unique_solution_0_2_8.py,0.0923
unique_solution_0_3_10.py,unique_solution_0_4_2.py,0.0402
unique_solution_0_1_9.py,unique_solution_0_4_4.py,0.0243
unique_solution_0_1_9.py,unique_solution_0_0_7.py,0.0256
unique_solution_0_1_9.py,unique_solution_0_1_6.py,0.0303
unique_solution_0_1_9.py,unique_solution_0_2_1.py,0.0362
unique_solution_0_1_9.py,unique_solution_0_0_3.py,0.0251
unique_solution_0_1_9.py,unique_solution_0_3_4.py,0.0299
unique_solution_0_1_9.py,unique_solution_0_2_5.py,0.0271
unique_solution_0_1_9.py,unique_solution_0_1_2.py,0.0385
unique_solution_0_1_9.py,unique_solution_0_0_2.py,0.0235
unique_solution_0_1_9.py,unique_solution_0_3_5.py,0.0271
unique_solution_0_1_9.py,unique_solution_0_0_10.py,0.0225
unique_solution_0_1_9.py,unique_solution_0_2_4.py,0.0279
unique_solution_0_1_9.py,unique_solution_0_1_3.py,0.0304
unique_solution_0_1_9.py,unique_solution_0_3_1.py,0.0412
unique_solution_0_1_9.py,unique_solution_0_0_6.py,0.0321
unique_solution_0_1_9.py,unique_solution_0_1_7.py,1.0
unique_solution_0_1_9.py,unique_solution_0_0_1.py,0.0243
unique_solution_0_1_9.py,unique_solution_0_3_6.py,0.0271
unique_solution_0_1_9.py,unique_solution_0_2_7.py,1.0
unique_solution_0_1_9.py,unique_solution_0_4_9.py,0.1027
unique_solution_0_1_9.py,unique_solution_0_3_2.py,0.0362
unique_solution_0_1_9.py,unique_solution_0_0_5.py,0.0236
unique_solution_0_1_9.py,unique_solution_0_1_4.py,0.0279
unique_solution_0_1_9.py,unique_solution_0_2_3.py,0.0284
unique_solution_0_1_9.py,unique_solution_0_3_3.py,0.0331
unique_solution_0_1_9.py,unique_solution_0_0_4.py,0.0197
unique_solution_0_1_9.py,unique_solution_0_1_5.py,0.0201
unique_solution_0_1_9.py,unique_solution_0_2_2.py,0.0377
unique_solution_0_1_9.py,unique_solution_0_3_7.py,0.0215
unique_solution_0_1_9.py,unique_solution_0_2_6.py,0.0284
unique_solution_0_1_9.py,unique_solution_0_1_1.py,0.0362
unique_solution_0_1_9.py,unique_solution_0_4_8.py,0.1027
unique_solution_0_1_9.py,unique_solution_0_4_3.py,0.0345
unique_solution_0_1_9.py,unique_solution_0_3_8.py,0.0202
unique_solution_0_1_9.py,unique_solution_0_4_7.py,0.0362
unique_solution_0_1_9.py,unique_solution_0_2_9.py,0.099
unique_solution_0_1_9.py,unique_solution_0_3_9.py,0.0236
unique_solution_0_1_9.py,unique_solution_0_4_6.py,0.025
unique_solution_0_1_9.py,unique_solution_0_2_8.py,0.0923
unique_solution_0_1_9.py,unique_solution_0_4_2.py,0.0402
unique_solution_0_4_4.py,unique_solution_0_0_7.py,0.1451
unique_solution_0_4_4.py,unique_solution_0_1_6.py,0.128
unique_solution_0_4_4.py,unique_solution_0_2_1.py,0.0446
unique_solution_0_4_4.py,unique_solution_0_0_3.py,0.0996
unique_solution_0_4_4.py,unique_solution_0_3_4.py,0.1676
unique_solution_0_4_4.py,unique_solution_0_2_5.py,0.1978
unique_solution_0_4_4.py,unique_solution_0_1_2.py,0.0401
unique_solution_0_4_4.py,unique_solution_0_0_2.py,0.1652
unique_solution_0_4_4.py,unique_solution_0_3_5.py,0.1978
unique_solution_0_4_4.py,unique_solution_0_0_10.py,0.0958
unique_solution_0_4_4.py,unique_solution_0_2_4.py,0.2405
unique_solution_0_4_4.py,unique_solution_0_1_3.py,0.2103
unique_solution_0_4_4.py,unique_solution_0_3_1.py,0.0236
unique_solution_0_4_4.py,unique_solution_0_0_6.py,0.0369
unique_solution_0_4_4.py,unique_solution_0_1_7.py,0.0243
unique_solution_0_4_4.py,unique_solution_0_0_1.py,0.1864
unique_solution_0_4_4.py,unique_solution_0_3_6.py,0.1978
unique_solution_0_4_4.py,unique_solution_0_2_7.py,0.0243
unique_solution_0_4_4.py,unique_solution_0_4_9.py,0.2309
unique_solution_0_4_4.py,unique_solution_0_3_2.py,0.0446
unique_solution_0_4_4.py,unique_solution_0_0_5.py,0.1389
unique_solution_0_4_4.py,unique_solution_0_1_4.py,0.2405
unique_solution_0_4_4.py,unique_solution_0_2_3.py,0.8106
unique_solution_0_4_4.py,unique_solution_0_3_3.py,0.0696
unique_solution_0_4_4.py,unique_solution_0_0_4.py,0.1791
unique_solution_0_4_4.py,unique_solution_0_1_5.py,0.1505
unique_solution_0_4_4.py,unique_solution_0_2_2.py,0.0682
unique_solution_0_4_4.py,unique_solution_0_3_7.py,0.1782
unique_solution_0_4_4.py,unique_solution_0_2_6.py,0.8106
unique_solution_0_4_4.py,unique_solution_0_1_1.py,0.0446
unique_solution_0_4_4.py,unique_solution_0_4_8.py,0.2309
unique_solution_0_4_4.py,unique_solution_0_4_3.py,0.1091
unique_solution_0_4_4.py,unique_solution_0_3_8.py,0.1918
unique_solution_0_4_4.py,unique_solution_0_4_7.py,0.0446
unique_solution_0_4_4.py,unique_solution_0_2_9.py,0.221
unique_solution_0_4_4.py,unique_solution_0_3_9.py,0.7534
unique_solution_0_4_4.py,unique_solution_0_4_6.py,0.9566
unique_solution_0_4_4.py,unique_solution_0_2_8.py,0.2483
unique_solution_0_4_4.py,unique_solution_0_4_2.py,0.0234
unique_solution_0_0_7.py,unique_solution_0_1_6.py,0.037
unique_solution_0_0_7.py,unique_solution_0_2_1.py,0.0346
unique_solution_0_0_7.py,unique_solution_0_0_3.py,0.0286
unique_solution_0_0_7.py,unique_solution_0_3_4.py,0.7759
unique_solution_0_0_7.py,unique_solution_0_2_5.py,0.1492
unique_solution_0_0_7.py,unique_solution_0_1_2.py,0.0238
unique_solution_0_0_7.py,unique_solution_0_0_2.py,0.8152
unique_solution_0_0_7.py,unique_solution_0_3_5.py,0.1492
unique_solution_0_0_7.py,unique_solution_0_0_10.py,0.0358
unique_solution_0_0_7.py,unique_solution_0_2_4.py,0.1569
unique_solution_0_0_7.py,unique_solution_0_1_3.py,0.1536
unique_solution_0_0_7.py,unique_solution_0_3_1.py,0.0368
unique_solution_0_0_7.py,unique_solution_0_0_6.py,0.0871
unique_solution_0_0_7.py,unique_solution_0_1_7.py,0.0256
unique_solution_0_0_7.py,unique_solution_0_0_1.py,0.6968
unique_solution_0_0_7.py,unique_solution_0_3_6.py,0.1492
unique_solution_0_0_7.py,unique_solution_0_2_7.py,0.0256
unique_solution_0_0_7.py,unique_solution_0_4_9.py,0.2428
unique_solution_0_0_7.py,unique_solution_0_3_2.py,0.0346
unique_solution_0_0_7.py,unique_solution_0_0_5.py,0.9263
unique_solution_0_0_7.py,unique_solution_0_1_4.py,0.1569
unique_solution_0_0_7.py,unique_solution_0_2_3.py,0.1581
unique_solution_0_0_7.py,unique_solution_0_3_3.py,0.0277
unique_solution_0_0_7.py,unique_solution_0_0_4.py,0.1279
unique_solution_0_0_7.py,unique_solution_0_1_5.py,0.1335
unique_solution_0_0_7.py,unique_solution_0_2_2.py,0.0236
unique_solution_0_0_7.py,unique_solution_0_3_7.py,0.1764
unique_solution_0_0_7.py,unique_solution_0_2_6.py,0.1581
unique_solution_0_0_7.py,unique_solution_0_1_1.py,0.0346
unique_solution_0_0_7.py,unique_solution_0_4_8.py,0.2428
unique_solution_0_0_7.py,unique_solution_0_4_3.py,0.0339
unique_solution_0_0_7.py,unique_solution_0_3_8.py,0.2825
unique_solution_0_0_7.py,unique_solution_0_4_7.py,0.0346
unique_solution_0_0_7.py,unique_solution_0_2_9.py,0.2489
unique_solution_0_0_7.py,unique_solution_0_3_9.py,0.1425
unique_solution_0_0_7.py,unique_solution_0_4_6.py,0.1474
unique_solution_0_0_7.py,unique_solution_0_2_8.py,0.2281
unique_solution_0_0_7.py,unique_solution_0_4_2.py,0.0242
unique_solution_0_1_6.py,unique_solution_0_2_1.py,0.0581
unique_solution_0_1_6.py,unique_solution_0_0_3.py,0.1359
unique_solution_0_1_6.py,unique_solution_0_3_4.py,0.0522
unique_solution_0_1_6.py,unique_solution_0_2_5.py,0.0876
unique_solution_0_1_6.py,unique_solution_0_1_2.py,0.0467
unique_solution_0_1_6.py,unique_solution_0_0_2.py,0.0652
unique_solution_0_1_6.py,unique_solution_0_3_5.py,0.0876
unique_solution_0_1_6.py,unique_solution_0_0_10.py,0.1195
unique_solution_0_1_6.py,unique_solution_0_2_4.py,0.1451
unique_solution_0_1_6.py,unique_solution_0_1_3.py,0.0997
unique_solution_0_1_6.py,unique_solution_0_3_1.py,0.0276
unique_solution_0_1_6.py,unique_solution_0_0_6.py,0.7747
unique_solution_0_1_6.py,unique_solution_0_1_7.py,0.0303
unique_solution_0_1_6.py,unique_solution_0_0_1.py,0.0819
unique_solution_0_1_6.py,unique_solution_0_3_6.py,0.0876
unique_solution_0_1_6.py,unique_solution_0_2_7.py,0.0303
unique_solution_0_1_6.py,unique_solution_0_4_9.py,0.0495
unique_solution_0_1_6.py,unique_solution_0_3_2.py,0.0581
unique_solution_0_1_6.py,unique_solution_0_0_5.py,0.0352
unique_solution_0_1_6.py,unique_solution_0_1_4.py,0.1451
unique_solution_0_1_6.py,unique_solution_0_2_3.py,0.0507
unique_solution_0_1_6.py,unique_solution_0_3_3.py,0.0739
unique_solution_0_1_6.py,unique_solution_0_0_4.py,0.096
unique_solution_0_1_6.py,unique_solution_0_1_5.py,0.0587
unique_solution_0_1_6.py,unique_solution_0_2_2.py,0.0793
unique_solution_0_1_6.py,unique_solution_0_3_7.py,0.0734
unique_solution_0_1_6.py,unique_solution_0_2_6.py,0.0507
unique_solution_0_1_6.py,unique_solution_0_1_1.py,0.0581
unique_solution_0_1_6.py,unique_solution_0_4_8.py,0.0495
unique_solution_0_1_6.py,unique_solution_0_4_3.py,0.1322
unique_solution_0_1_6.py,unique_solution_0_3_8.py,0.0952
unique_solution_0_1_6.py,unique_solution_0_4_7.py,0.0581
unique_solution_0_1_6.py,unique_solution_0_2_9.py,0.0392
unique_solution_0_1_6.py,unique_solution_0_3_9.py,0.0477
unique_solution_0_1_6.py,unique_solution_0_4_6.py,0.1355
unique_solution_0_1_6.py,unique_solution_0_2_8.py,0.0767
unique_solution_0_1_6.py,unique_solution_0_4_2.py,0.0273
unique_solution_0_2_1.py,unique_solution_0_0_3.py,0.0371
unique_solution_0_2_1.py,unique_solution_0_3_4.py,0.032
unique_solution_0_2_1.py,unique_solution_0_2_5.py,0.0659
unique_solution_0_2_1.py,unique_solution_0_1_2.py,0.8003
unique_solution_0_2_1.py,unique_solution_0_0_2.py,0.0545
unique_solution_0_2_1.py,unique_solution_0_3_5.py,0.0659
unique_solution_0_2_1.py,unique_solution_0_0_10.py,0.0423
unique_solution_0_2_1.py,unique_solution_0_2_4.py,0.0551
unique_solution_0_2_1.py,unique_solution_0_1_3.py,0.0324
unique_solution_0_2_1.py,unique_solution_0_3_1.py,0.8785
unique_solution_0_2_1.py,unique_solution_0_0_6.py,0.0401
unique_solution_0_2_1.py,unique_solution_0_1_7.py,0.0362
unique_solution_0_2_1.py,unique_solution_0_0_1.py,0.0613
unique_solution_0_2_1.py,unique_solution_0_3_6.py,0.0659
unique_solution_0_2_1.py,unique_solution_0_2_7.py,0.0362
unique_solution_0_2_1.py,unique_solution_0_4_9.py,0.0587
unique_solution_0_2_1.py,unique_solution_0_3_2.py,1.0
unique_solution_0_2_1.py,unique_solution_0_0_5.py,0.0328
unique_solution_0_2_1.py,unique_solution_0_1_4.py,0.0551
unique_solution_0_2_1.py,unique_solution_0_2_3.py,0.0309
unique_solution_0_2_1.py,unique_solution_0_3_3.py,0.0751
unique_solution_0_2_1.py,unique_solution_0_0_4.py,0.0409
unique_solution_0_2_1.py,unique_solution_0_1_5.py,0.0243
unique_solution_0_2_1.py,unique_solution_0_2_2.py,0.8357
unique_solution_0_2_1.py,unique_solution_0_3_7.py,0.0307
unique_solution_0_2_1.py,unique_solution_0_2_6.py,0.0309
unique_solution_0_2_1.py,unique_solution_0_1_1.py,1.0
unique_solution_0_2_1.py,unique_solution_0_4_8.py,0.0587
unique_solution_0_2_1.py,unique_solution_0_4_3.py,0.8772
unique_solution_0_2_1.py,unique_solution_0_3_8.py,0.0391
unique_solution_0_2_1.py,unique_solution_0_4_7.py,1.0
unique_solution_0_2_1.py,unique_solution_0_2_9.py,0.0464
unique_solution_0_2_1.py,unique_solution_0_3_9.py,0.0873
unique_solution_0_2_1.py,unique_solution_0_4_6.py,0.0511
unique_solution_0_2_1.py,unique_solution_0_2_8.py,0.0452
unique_solution_0_2_1.py,unique_solution_0_4_2.py,0.0536
unique_solution_0_0_3.py,unique_solution_0_3_4.py,0.0466
unique_solution_0_0_3.py,unique_solution_0_2_5.py,0.1033
unique_solution_0_0_3.py,unique_solution_0_1_2.py,0.0411
unique_solution_0_0_3.py,unique_solution_0_0_2.py,0.0636
unique_solution_0_0_3.py,unique_solution_0_3_5.py,0.1033
unique_solution_0_0_3.py,unique_solution_0_0_10.py,0.1529
unique_solution_0_0_3.py,unique_solution_0_2_4.py,0.1026
unique_solution_0_0_3.py,unique_solution_0_1_3.py,0.0785
unique_solution_0_0_3.py,unique_solution_0_3_1.py,0.0242
unique_solution_0_0_3.py,unique_solution_0_0_6.py,0.0511
unique_solution_0_0_3.py,unique_solution_0_1_7.py,0.0251
unique_solution_0_0_3.py,unique_solution_0_0_1.py,0.0972
unique_solution_0_0_3.py,unique_solution_0_3_6.py,0.1033
unique_solution_0_0_3.py,unique_solution_0_2_7.py,0.0251
unique_solution_0_0_3.py,unique_solution_0_4_9.py,0.0329
unique_solution_0_0_3.py,unique_solution_0_3_2.py,0.0371
unique_solution_0_0_3.py,unique_solution_0_0_5.py,0.0274
unique_solution_0_0_3.py,unique_solution_0_1_4.py,0.1026
unique_solution_0_0_3.py,unique_solution_0_2_3.py,0.0454
unique_solution_0_0_3.py,unique_solution_0_3_3.py,0.0875
unique_solution_0_0_3.py,unique_solution_0_0_4.py,0.0716
unique_solution_0_0_3.py,unique_solution_0_1_5.py,0.0579
unique_solution_0_0_3.py,unique_solution_0_2_2.py,0.0582
unique_solution_0_0_3.py,unique_solution_0_3_7.py,0.1122
unique_solution_0_0_3.py,unique_solution_0_2_6.py,0.0454
unique_solution_0_0_3.py,unique_solution_0_1_1.py,0.0371
unique_solution_0_0_3.py,unique_solution_0_4_8.py,0.0329
unique_solution_0_0_3.py,unique_solution_0_4_3.py,0.0864
unique_solution_0_0_3.py,unique_solution_0_3_8.py,0.0767
unique_solution_0_0_3.py,unique_solution_0_4_7.py,0.0371
unique_solution_0_0_3.py,unique_solution_0_2_9.py,0.0326
unique_solution_0_0_3.py,unique_solution_0_3_9.py,0.0341
unique_solution_0_0_3.py,unique_solution_0_4_6.py,0.0964
unique_solution_0_0_3.py,unique_solution_0_2_8.py,0.064
unique_solution_0_0_3.py,unique_solution_0_4_2.py,0.0239
unique_solution_0_3_4.py,unique_solution_0_2_5.py,0.179
unique_solution_0_3_4.py,unique_solution_0_1_2.py,0.0462
unique_solution_0_3_4.py,unique_solution_0_0_2.py,0.7897
unique_solution_0_3_4.py,unique_solution_0_3_5.py,0.179
unique_solution_0_3_4.py,unique_solution_0_0_10.py,0.0387
unique_solution_0_3_4.py,unique_solution_0_2_4.py,0.1825
unique_solution_0_3_4.py,unique_solution_0_1_3.py,0.1917
unique_solution_0_3_4.py,unique_solution_0_3_1.py,0.0273
unique_solution_0_3_4.py,unique_solution_0_0_6.py,0.0299
unique_solution_0_3_4.py,unique_solution_0_1_7.py,0.0299
unique_solution_0_3_4.py,unique_solution_0_0_1.py,0.8057
unique_solution_0_3_4.py,unique_solution_0_3_6.py,0.179
unique_solution_0_3_4.py,unique_solution_0_2_7.py,0.0299
unique_solution_0_3_4.py,unique_solution_0_4_9.py,0.2726
unique_solution_0_3_4.py,unique_solution_0_3_2.py,0.032
unique_solution_0_3_4.py,unique_solution_0_0_5.py,0.7387
unique_solution_0_3_4.py,unique_solution_0_1_4.py,0.1825
unique_solution_0_3_4.py,unique_solution_0_2_3.py,0.184
unique_solution_0_3_4.py,unique_solution_0_3_3.py,0.0549
unique_solution_0_3_4.py,unique_solution_0_0_4.py,0.1418
unique_solution_0_3_4.py,unique_solution_0_1_5.py,0.148
unique_solution_0_3_4.py,unique_solution_0_2_2.py,0.0458
unique_solution_0_3_4.py,unique_solution_0_3_7.py,0.155
unique_solution_0_3_4.py,unique_solution_0_2_6.py,0.184
unique_solution_0_3_4.py,unique_solution_0_1_1.py,0.032
unique_solution_0_3_4.py,unique_solution_0_4_8.py,0.2726
unique_solution_0_3_4.py,unique_solution_0_4_3.py,0.0498
unique_solution_0_3_4.py,unique_solution_0_3_8.py,0.2836
unique_solution_0_3_4.py,unique_solution_0_4_7.py,0.032
unique_solution_0_3_4.py,unique_solution_0_2_9.py,0.2697
unique_solution_0_3_4.py,unique_solution_0_3_9.py,0.1445
unique_solution_0_3_4.py,unique_solution_0_4_6.py,0.1705
unique_solution_0_3_4.py,unique_solution_0_2_8.py,0.3019
unique_solution_0_3_4.py,unique_solution_0_4_2.py,0.027
unique_solution_0_2_5.py,unique_solution_0_1_2.py,0.0432
unique_solution_0_2_5.py,unique_solution_0_0_2.py,0.1939
unique_solution_0_2_5.py,unique_solution_0_3_5.py,1.0
unique_solution_0_2_5.py,unique_solution_0_0_10.py,0.0737
unique_solution_0_2_5.py,unique_solution_0_2_4.py,0.2092
unique_solution_0_2_5.py,unique_solution_0_1_3.py,0.1973
unique_solution_0_2_5.py,unique_solution_0_3_1.py,0.0255
unique_solution_0_2_5.py,unique_solution_0_0_6.py,0.0338
unique_solution_0_2_5.py,unique_solution_0_1_7.py,0.0271
unique_solution_0_2_5.py,unique_solution_0_0_1.py,0.2748
unique_solution_0_2_5.py,unique_solution_0_3_6.py,1.0
unique_solution_0_2_5.py,unique_solution_0_2_7.py,0.0271
unique_solution_0_2_5.py,unique_solution_0_4_9.py,0.2477
unique_solution_0_2_5.py,unique_solution_0_3_2.py,0.0659
unique_solution_0_2_5.py,unique_solution_0_0_5.py,0.1424
unique_solution_0_2_5.py,unique_solution_0_1_4.py,0.2092
unique_solution_0_2_5.py,unique_solution_0_2_3.py,0.174
unique_solution_0_2_5.py,unique_solution_0_3_3.py,0.1606
unique_solution_0_2_5.py,unique_solution_0_0_4.py,0.1526
unique_solution_0_2_5.py,unique_solution_0_1_5.py,0.3703
unique_solution_0_2_5.py,unique_solution_0_2_2.py,0.0429
unique_solution_0_2_5.py,unique_solution_0_3_7.py,0.1882
unique_solution_0_2_5.py,unique_solution_0_2_6.py,0.174
unique_solution_0_2_5.py,unique_solution_0_1_1.py,0.0659
unique_solution_0_2_5.py,unique_solution_0_4_8.py,0.2477
unique_solution_0_2_5.py,unique_solution_0_4_3.py,0.0644
unique_solution_0_2_5.py,unique_solution_0_3_8.py,0.1591
unique_solution_0_2_5.py,unique_solution_0_4_7.py,0.0659
unique_solution_0_2_5.py,unique_solution_0_2_9.py,0.2453
unique_solution_0_2_5.py,unique_solution_0_3_9.py,0.1705
unique_solution_0_2_5.py,unique_solution_0_4_6.py,0.1961
unique_solution_0_2_5.py,unique_solution_0_2_8.py,0.275
unique_solution_0_2_5.py,unique_solution_0_4_2.py,0.0757
unique_solution_0_1_2.py,unique_solution_0_0_2.py,0.0392
unique_solution_0_1_2.py,unique_solution_0_3_5.py,0.0432
unique_solution_0_1_2.py,unique_solution_0_0_10.py,0.038
unique_solution_0_1_2.py,unique_solution_0_2_4.py,0.0442
unique_solution_0_1_2.py,unique_solution_0_1_3.py,0.0468
unique_solution_0_1_2.py,unique_solution_0_3_1.py,0.8749
unique_solution_0_1_2.py,unique_solution_0_0_6.py,0.0277
unique_solution_0_1_2.py,unique_solution_0_1_7.py,0.0385
unique_solution_0_1_2.py,unique_solution_0_0_1.py,0.0401
unique_solution_0_1_2.py,unique_solution_0_3_6.py,0.0432
unique_solution_0_1_2.py,unique_solution_0_2_7.py,0.0385
unique_solution_0_1_2.py,unique_solution_0_4_9.py,0.0499
unique_solution_0_1_2.py,unique_solution_0_3_2.py,0.8003
unique_solution_0_1_2.py,unique_solution_0_0_5.py,0.0225
unique_solution_0_1_2.py,unique_solution_0_1_4.py,0.0442
unique_solution_0_1_2.py,unique_solution_0_2_3.py,0.0446
unique_solution_0_1_2.py,unique_solution_0_3_3.py,0.0495
unique_solution_0_1_2.py,unique_solution_0_0_4.py,0.0345
unique_solution_0_1_2.py,unique_solution_0_1_5.py,0.0349
unique_solution_0_1_2.py,unique_solution_0_2_2.py,0.8812
unique_solution_0_1_2.py,unique_solution_0_3_7.py,0.0473
unique_solution_0_1_2.py,unique_solution_0_2_6.py,0.0446
unique_solution_0_1_2.py,unique_solution_0_1_1.py,0.8003
unique_solution_0_1_2.py,unique_solution_0_4_8.py,0.0499
unique_solution_0_1_2.py,unique_solution_0_4_3.py,0.7986
unique_solution_0_1_2.py,unique_solution_0_3_8.py,0.0351
unique_solution_0_1_2.py,unique_solution_0_4_7.py,0.8003
unique_solution_0_1_2.py,unique_solution_0_2_9.py,0.0492
unique_solution_0_1_2.py,unique_solution_0_3_9.py,0.0224
unique_solution_0_1_2.py,unique_solution_0_4_6.py,0.0409
unique_solution_0_1_2.py,unique_solution_0_2_8.py,0.0838
unique_solution_0_1_2.py,unique_solution_0_4_2.py,0.0318
unique_solution_0_0_2.py,unique_solution_0_3_5.py,0.1939
unique_solution_0_0_2.py,unique_solution_0_0_10.py,0.0513
unique_solution_0_0_2.py,unique_solution_0_2_4.py,0.1779
unique_solution_0_0_2.py,unique_solution_0_1_3.py,0.1807
unique_solution_0_0_2.py,unique_solution_0_3_1.py,0.0231
unique_solution_0_0_2.py,unique_solution_0_0_6.py,0.0464
unique_solution_0_0_2.py,unique_solution_0_1_7.py,0.0235
unique_solution_0_0_2.py,unique_solution_0_0_1.py,0.744
unique_solution_0_0_2.py,unique_solution_0_3_6.py,0.1939
unique_solution_0_0_2.py,unique_solution_0_2_7.py,0.0235
unique_solution_0_0_2.py,unique_solution_0_4_9.py,0.2157
unique_solution_0_0_2.py,unique_solution_0_3_2.py,0.0545
unique_solution_0_0_2.py,unique_solution_0_0_5.py,0.7808
unique_solution_0_0_2.py,unique_solution_0_1_4.py,0.1779
unique_solution_0_0_2.py,unique_solution_0_2_3.py,0.1599
unique_solution_0_0_2.py,unique_solution_0_3_3.py,0.0628
unique_solution_0_0_2.py,unique_solution_0_0_4.py,0.1306
unique_solution_0_0_2.py,unique_solution_0_1_5.py,0.152
unique_solution_0_0_2.py,unique_solution_0_2_2.py,0.0389
unique_solution_0_0_2.py,unique_solution_0_3_7.py,0.1938
unique_solution_0_0_2.py,unique_solution_0_2_6.py,0.1599
unique_solution_0_0_2.py,unique_solution_0_1_1.py,0.0545
unique_solution_0_0_2.py,unique_solution_0_4_8.py,0.2157
unique_solution_0_0_2.py,unique_solution_0_4_3.py,0.0426
unique_solution_0_0_2.py,unique_solution_0_3_8.py,0.2708
unique_solution_0_0_2.py,unique_solution_0_4_7.py,0.0545
unique_solution_0_0_2.py,unique_solution_0_2_9.py,0.2139
unique_solution_0_0_2.py,unique_solution_0_3_9.py,0.1536
unique_solution_0_0_2.py,unique_solution_0_4_6.py,0.1676
unique_solution_0_0_2.py,unique_solution_0_2_8.py,0.2404
unique_solution_0_0_2.py,unique_solution_0_4_2.py,0.0399
unique_solution_0_3_5.py,unique_solution_0_0_10.py,0.0737
unique_solution_0_3_5.py,unique_solution_0_2_4.py,0.2092
unique_solution_0_3_5.py,unique_solution_0_1_3.py,0.1973
unique_solution_0_3_5.py,unique_solution_0_3_1.py,0.0255
unique_solution_0_3_5.py,unique_solution_0_0_6.py,0.0338
unique_solution_0_3_5.py,unique_solution_0_1_7.py,0.0271
unique_solution_0_3_5.py,unique_solution_0_0_1.py,0.2748
unique_solution_0_3_5.py,unique_solution_0_3_6.py,1.0
unique_solution_0_3_5.py,unique_solution_0_2_7.py,0.0271
unique_solution_0_3_5.py,unique_solution_0_4_9.py,0.2477
unique_solution_0_3_5.py,unique_solution_0_3_2.py,0.0659
unique_solution_0_3_5.py,unique_solution_0_0_5.py,0.1424
unique_solution_0_3_5.py,unique_solution_0_1_4.py,0.2092
unique_solution_0_3_5.py,unique_solution_0_2_3.py,0.174
unique_solution_0_3_5.py,unique_solution_0_3_3.py,0.1606
unique_solution_0_3_5.py,unique_solution_0_0_4.py,0.1526
unique_solution_0_3_5.py,unique_solution_0_1_5.py,0.3703
unique_solution_0_3_5.py,unique_solution_0_2_2.py,0.0429
unique_solution_0_3_5.py,unique_solution_0_3_7.py,0.1882
unique_solution_0_3_5.py,unique_solution_0_2_6.py,0.174
unique_solution_0_3_5.py,unique_solution_0_1_1.py,0.0659
unique_solution_0_3_5.py,unique_solution_0_4_8.py,0.2477
unique_solution_0_3_5.py,unique_solution_0_4_3.py,0.0644
unique_solution_0_3_5.py,unique_solution_0_3_8.py,0.1591
unique_solution_0_3_5.py,unique_solution_0_4_7.py,0.0659
unique_solution_0_3_5.py,unique_solution_0_2_9.py,0.2453
unique_solution_0_3_5.py,unique_solution_0_3_9.py,0.1705
unique_solution_0_3_5.py,unique_solution_0_4_6.py,0.1961
unique_solution_0_3_5.py,unique_solution_0_2_8.py,0.275
unique_solution_0_3_5.py,unique_solution_0_4_2.py,0.0757
unique_solution_0_0_10.py,unique_solution_0_2_4.py,0.0983
unique_solution_0_0_10.py,unique_solution_0_1_3.py,0.0683
unique_solution_0_0_10.py,unique_solution_0_3_1.py,0.0223
unique_solution_0_0_10.py,unique_solution_0_0_6.py,0.0601
unique_solution_0_0_10.py,unique_solution_0_1_7.py,0.0225
unique_solution_0_0_10.py,unique_solution_0_0_1.py,0.0696
unique_solution_0_0_10.py,unique_solution_0_3_6.py,0.0737
unique_solution_0_0_10.py,unique_solution_0_2_7.py,0.0225
unique_solution_0_0_10.py,unique_solution_0_4_9.py,0.0369
unique_solution_0_0_10.py,unique_solution_0_3_2.py,0.0423
unique_solution_0_0_10.py,unique_solution_0_0_5.py,0.0343
unique_solution_0_0_10.py,unique_solution_0_1_4.py,0.0983
unique_solution_0_0_10.py,unique_solution_0_2_3.py,0.0377
unique_solution_0_0_10.py,unique_solution_0_3_3.py,0.061
unique_solution_0_0_10.py,unique_solution_0_0_4.py,0.0716
unique_solution_0_0_10.py,unique_solution_0_1_5.py,0.0469
unique_solution_0_0_10.py,unique_solution_0_2_2.py,0.0538
unique_solution_0_0_10.py,unique_solution_0_3_7.py,0.0672
unique_solution_0_0_10.py,unique_solution_0_2_6.py,0.0377
unique_solution_0_0_10.py,unique_solution_0_1_1.py,0.0423
unique_solution_0_0_10.py,unique_solution_0_4_8.py,0.0369
unique_solution_0_0_10.py,unique_solution_0_4_3.py,0.088
unique_solution_0_0_10.py,unique_solution_0_3_8.py,0.0863
unique_solution_0_0_10.py,unique_solution_0_4_7.py,0.0423
unique_solution_0_0_10.py,unique_solution_0_2_9.py,0.0293
unique_solution_0_0_10.py,unique_solution_0_3_9.py,0.0364
unique_solution_0_0_10.py,unique_solution_0_4_6.py,0.0928
unique_solution_0_0_10.py,unique_solution_0_2_8.py,0.0505
unique_solution_0_0_10.py,unique_solution_0_4_2.py,0.0221
unique_solution_0_2_4.py,unique_solution_0_1_3.py,0.8656
unique_solution_0_2_4.py,unique_solution_0_3_1.py,0.0261
unique_solution_0_2_4.py,unique_solution_0_0_6.py,0.0403
unique_solution_0_2_4.py,unique_solution_0_1_7.py,0.0279
unique_solution_0_2_4.py,unique_solution_0_0_1.py,0.1961
unique_solution_0_2_4.py,unique_solution_0_3_6.py,0.2092
unique_solution_0_2_4.py,unique_solution_0_2_7.py,0.0279
unique_solution_0_2_4.py,unique_solution_0_4_9.py,0.2647
unique_solution_0_2_4.py,unique_solution_0_3_2.py,0.0551
unique_solution_0_2_4.py,unique_solution_0_0_5.py,0.1496
unique_solution_0_2_4.py,unique_solution_0_1_4.py,1.0
unique_solution_0_2_4.py,unique_solution_0_2_3.py,0.1773
unique_solution_0_2_4.py,unique_solution_0_3_3.py,0.0702
unique_solution_0_2_4.py,unique_solution_0_0_4.py,0.1957
unique_solution_0_2_4.py,unique_solution_0_1_5.py,0.161
unique_solution_0_2_4.py,unique_solution_0_2_2.py,0.0751
unique_solution_0_2_4.py,unique_solution_0_3_7.py,0.1798
unique_solution_0_2_4.py,unique_solution_0_2_6.py,0.1773
unique_solution_0_2_4.py,unique_solution_0_1_1.py,0.0551
unique_solution_0_2_4.py,unique_solution_0_4_8.py,0.2647
unique_solution_0_2_4.py,unique_solution_0_4_3.py,0.1255
unique_solution_0_2_4.py,unique_solution_0_3_8.py,0.1965
unique_solution_0_2_4.py,unique_solution_0_4_7.py,0.0551
unique_solution_0_2_4.py,unique_solution_0_2_9.py,0.2531
unique_solution_0_2_4.py,unique_solution_0_3_9.py,0.1614
unique_solution_0_2_4.py,unique_solution_0_4_6.py,0.2494
unique_solution_0_2_4.py,unique_solution_0_2_8.py,0.2836
unique_solution_0_2_4.py,unique_solution_0_4_2.py,0.0258
unique_solution_0_1_3.py,unique_solution_0_3_1.py,0.0277
unique_solution_0_1_3.py,unique_solution_0_0_6.py,0.0303
unique_solution_0_1_3.py,unique_solution_0_1_7.py,0.0304
unique_solution_0_1_3.py,unique_solution_0_0_1.py,0.1844
unique_solution_0_1_3.py,unique_solution_0_3_6.py,0.1973
unique_solution_0_1_3.py,unique_solution_0_2_7.py,0.0304
unique_solution_0_1_3.py,unique_solution_0_4_9.py,0.2778
unique_solution_0_1_3.py,unique_solution_0_3_2.py,0.0324
unique_solution_0_1_3.py,unique_solution_0_0_5.py,0.1461
unique_solution_0_1_3.py,unique_solution_0_1_4.py,0.8656
unique_solution_0_1_3.py,unique_solution_0_2_3.py,0.186
unique_solution_0_1_3.py,unique_solution_0_3_3.py,0.0555
unique_solution_0_1_3.py,unique_solution_0_0_4.py,0.1654
unique_solution_0_1_3.py,unique_solution_0_1_5.py,0.1629
unique_solution_0_1_3.py,unique_solution_0_2_2.py,0.0794
unique_solution_0_1_3.py,unique_solution_0_3_7.py,0.1707
unique_solution_0_1_3.py,unique_solution_0_2_6.py,0.186
unique_solution_0_1_3.py,unique_solution_0_1_1.py,0.0324
unique_solution_0_1_3.py,unique_solution_0_4_8.py,0.2778
unique_solution_0_1_3.py,unique_solution_0_4_3.py,0.082
unique_solution_0_1_3.py,unique_solution_0_3_8.py,0.168
unique_solution_0_1_3.py,unique_solution_0_4_7.py,0.0324
unique_solution_0_1_3.py,unique_solution_0_2_9.py,0.2748
unique_solution_0_1_3.py,unique_solution_0_3_9.py,0.1458
unique_solution_0_1_3.py,unique_solution_0_4_6.py,0.2139
unique_solution_0_1_3.py,unique_solution_0_2_8.py,0.3074
unique_solution_0_1_3.py,unique_solution_0_4_2.py,0.0273
unique_solution_0_3_1.py,unique_solution_0_0_6.py,0.043
unique_solution_0_3_1.py,unique_solution_0_1_7.py,0.0412
unique_solution_0_3_1.py,unique_solution_0_0_1.py,0.0236
unique_solution_0_3_1.py,unique_solution_0_3_6.py,0.0255
unique_solution_0_3_1.py,unique_solution_0_2_7.py,0.0412
unique_solution_0_3_1.py,unique_solution_0_4_9.py,0.0533
unique_solution_0_3_1.py,unique_solution_0_3_2.py,0.8785
unique_solution_0_3_1.py,unique_solution_0_0_5.py,0.0232
unique_solution_0_3_1.py,unique_solution_0_1_4.py,0.0261
unique_solution_0_3_1.py,unique_solution_0_2_3.py,0.0396
unique_solution_0_3_1.py,unique_solution_0_3_3.py,0.0293
unique_solution_0_3_1.py,unique_solution_0_0_4.py,0.0202
unique_solution_0_3_1.py,unique_solution_0_1_5.py,0.0307
unique_solution_0_3_1.py,unique_solution_0_2_2.py,0.9123
unique_solution_0_3_1.py,unique_solution_0_3_7.py,0.0216
unique_solution_0_3_1.py,unique_solution_0_2_6.py,0.0396
unique_solution_0_3_1.py,unique_solution_0_1_1.py,0.8785
unique_solution_0_3_1.py,unique_solution_0_4_8.py,0.0533
unique_solution_0_3_1.py,unique_solution_0_4_3.py,0.8518
unique_solution_0_3_1.py,unique_solution_0_3_8.py,0.0206
unique_solution_0_3_1.py,unique_solution_0_4_7.py,0.8785
unique_solution_0_3_1.py,unique_solution_0_2_9.py,0.0787
unique_solution_0_3_1.py,unique_solution_0_3_9.py,0.0231
unique_solution_0_3_1.py,unique_solution_0_4_6.py,0.0241
unique_solution_0_3_1.py,unique_solution_0_2_8.py,0.051
unique_solution_0_3_1.py,unique_solution_0_4_2.py,0.0332
unique_solution_0_0_6.py,unique_solution_0_1_7.py,0.0321
unique_solution_0_0_6.py,unique_solution_0_0_1.py,0.0316
unique_solution_0_0_6.py,unique_solution_0_3_6.py,0.0338
unique_solution_0_0_6.py,unique_solution_0_2_7.py,0.0321
unique_solution_0_0_6.py,unique_solution_0_4_9.py,0.0522
unique_solution_0_0_6.py,unique_solution_0_3_2.py,0.0401
unique_solution_0_0_6.py,unique_solution_0_0_5.py,0.0672
unique_solution_0_0_6.py,unique_solution_0_1_4.py,0.0403
unique_solution_0_0_6.py,unique_solution_0_2_3.py,0.0406
unique_solution_0_0_6.py,unique_solution_0_3_3.py,0.0318
unique_solution_0_0_6.py,unique_solution_0_0_4.py,0.032
unique_solution_0_0_6.py,unique_solution_0_1_5.py,0.037
unique_solution_0_0_6.py,unique_solution_0_2_2.py,0.0274
unique_solution_0_0_6.py,unique_solution_0_3_7.py,0.051
unique_solution_0_0_6.py,unique_solution_0_2_6.py,0.0406
unique_solution_0_0_6.py,unique_solution_0_1_1.py,0.0401
unique_solution_0_0_6.py,unique_solution_0_4_8.py,0.0522
unique_solution_0_0_6.py,unique_solution_0_4_3.py,0.0391
unique_solution_0_0_6.py,unique_solution_0_3_8.py,0.0511
unique_solution_0_0_6.py,unique_solution_0_4_7.py,0.0401
unique_solution_0_0_6.py,unique_solution_0_2_9.py,0.062
unique_solution_0_0_6.py,unique_solution_0_3_9.py,0.0361
unique_solution_0_0_6.py,unique_solution_0_4_6.py,0.0375
unique_solution_0_0_6.py,unique_solution_0_2_8.py,0.0404
unique_solution_0_0_6.py,unique_solution_0_4_2.py,0.0283
unique_solution_0_1_7.py,unique_solution_0_0_1.py,0.0243
unique_solution_0_1_7.py,unique_solution_0_3_6.py,0.0271
unique_solution_0_1_7.py,unique_solution_0_2_7.py,1.0
unique_solution_0_1_7.py,unique_solution_0_4_9.py,0.1027
unique_solution_0_1_7.py,unique_solution_0_3_2.py,0.0362
unique_solution_0_1_7.py,unique_solution_0_0_5.py,0.0236
unique_solution_0_1_7.py,unique_solution_0_1_4.py,0.0279
unique_solution_0_1_7.py,unique_solution_0_2_3.py,0.0284
unique_solution_0_1_7.py,unique_solution_0_3_3.py,0.0331
unique_solution_0_1_7.py,unique_solution_0_0_4.py,0.0197
unique_solution_0_1_7.py,unique_solution_0_1_5.py,0.0201
unique_solution_0_1_7.py,unique_solution_0_2_2.py,0.0377
unique_solution_0_1_7.py,unique_solution_0_3_7.py,0.0215
unique_solution_0_1_7.py,unique_solution_0_2_6.py,0.0284
unique_solution_0_1_7.py,unique_solution_0_1_1.py,0.0362
unique_solution_0_1_7.py,unique_solution_0_4_8.py,0.1027
unique_solution_0_1_7.py,unique_solution_0_4_3.py,0.0345
unique_solution_0_1_7.py,unique_solution_0_3_8.py,0.0202
unique_solution_0_1_7.py,unique_solution_0_4_7.py,0.0362
unique_solution_0_1_7.py,unique_solution_0_2_9.py,0.099
unique_solution_0_1_7.py,unique_solution_0_3_9.py,0.0236
unique_solution_0_1_7.py,unique_solution_0_4_6.py,0.025
unique_solution_0_1_7.py,unique_solution_0_2_8.py,0.0923
unique_solution_0_1_7.py,unique_solution_0_4_2.py,0.0402
unique_solution_0_0_1.py,unique_solution_0_3_6.py,0.2748
unique_solution_0_0_1.py,unique_solution_0_2_7.py,0.0243
unique_solution_0_0_1.py,unique_solution_0_4_9.py,0.2226
unique_solution_0_0_1.py,unique_solution_0_3_2.py,0.0613
unique_solution_0_0_1.py,unique_solution_0_0_5.py,0.6668
unique_solution_0_0_1.py,unique_solution_0_1_4.py,0.1961
unique_solution_0_0_1.py,unique_solution_0_2_3.py,0.163
unique_solution_0_0_1.py,unique_solution_0_3_3.py,0.1497
unique_solution_0_0_1.py,unique_solution_0_0_4.py,0.1448
unique_solution_0_0_1.py,unique_solution_0_1_5.py,0.1544
unique_solution_0_0_1.py,unique_solution_0_2_2.py,0.0398
unique_solution_0_0_1.py,unique_solution_0_3_7.py,0.178
unique_solution_0_0_1.py,unique_solution_0_2_6.py,0.163
unique_solution_0_0_1.py,unique_solution_0_1_1.py,0.0613
unique_solution_0_0_1.py,unique_solution_0_4_8.py,0.2226
unique_solution_0_0_1.py,unique_solution_0_4_3.py,0.0599
unique_solution_0_0_1.py,unique_solution_0_3_8.py,0.2936
unique_solution_0_0_1.py,unique_solution_0_4_7.py,0.0613
unique_solution_0_0_1.py,unique_solution_0_2_9.py,0.2206
unique_solution_0_0_1.py,unique_solution_0_3_9.py,0.1608
unique_solution_0_0_1.py,unique_solution_0_4_6.py,0.1846
unique_solution_0_0_1.py,unique_solution_0_2_8.py,0.2479
unique_solution_0_0_1.py,unique_solution_0_4_2.py,0.0701
unique_solution_0_3_6.py,unique_solution_0_2_7.py,0.0271
unique_solution_0_3_6.py,unique_solution_0_4_9.py,0.2477
unique_solution_0_3_6.py,unique_solution_0_3_2.py,0.0659
unique_solution_0_3_6.py,unique_solution_0_0_5.py,0.1424
unique_solution_0_3_6.py,unique_solution_0_1_4.py,0.2092
unique_solution_0_3_6.py,unique_solution_0_2_3.py,0.174
unique_solution_0_3_6.py,unique_solution_0_3_3.py,0.1606
unique_solution_0_3_6.py,unique_solution_0_0_4.py,0.1526
unique_solution_0_3_6.py,unique_solution_0_1_5.py,0.3703
unique_solution_0_3_6.py,unique_solution_0_2_2.py,0.0429
unique_solution_0_3_6.py,unique_solution_0_3_7.py,0.1882
unique_solution_0_3_6.py,unique_solution_0_2_6.py,0.174
unique_solution_0_3_6.py,unique_solution_0_1_1.py,0.0659
unique_solution_0_3_6.py,unique_solution_0_4_8.py,0.2477
unique_solution_0_3_6.py,unique_solution_0_4_3.py,0.0644
unique_solution_0_3_6.py,unique_solution_0_3_8.py,0.1591
unique_solution_0_3_6.py,unique_solution_0_4_7.py,0.0659
unique_solution_0_3_6.py,unique_solution_0_2_9.py,0.2453
unique_solution_0_3_6.py,unique_solution_0_3_9.py,0.1705
unique_solution_0_3_6.py,unique_solution_0_4_6.py,0.1961
unique_solution_0_3_6.py,unique_solution_0_2_8.py,0.275
unique_solution_0_3_6.py,unique_solution_0_4_2.py,0.0757
unique_solution_0_2_7.py,unique_solution_0_4_9.py,0.1027
unique_solution_0_2_7.py,unique_solution_0_3_2.py,0.0362
unique_solution_0_2_7.py,unique_solution_0_0_5.py,0.0236
unique_solution_0_2_7.py,unique_solution_0_1_4.py,0.0279
unique_solution_0_2_7.py,unique_solution_0_2_3.py,0.0284
unique_solution_0_2_7.py,unique_solution_0_3_3.py,0.0331
unique_solution_0_2_7.py,unique_solution_0_0_4.py,0.0197
unique_solution_0_2_7.py,unique_solution_0_1_5.py,0.0201
unique_solution_0_2_7.py,unique_solution_0_2_2.py,0.0377
unique_solution_0_2_7.py,unique_solution_0_3_7.py,0.0215
unique_solution_0_2_7.py,unique_solution_0_2_6.py,0.0284
unique_solution_0_2_7.py,unique_solution_0_1_1.py,0.0362
unique_solution_0_2_7.py,unique_solution_0_4_8.py,0.1027
unique_solution_0_2_7.py,unique_solution_0_4_3.py,0.0345
unique_solution_0_2_7.py,unique_solution_0_3_8.py,0.0202
unique_solution_0_2_7.py,unique_solution_0_4_7.py,0.0362
unique_solution_0_2_7.py,unique_solution_0_2_9.py,0.099
unique_solution_0_2_7.py,unique_solution_0_3_9.py,0.0236
unique_solution_0_2_7.py,unique_solution_0_4_6.py,0.025
unique_solution_0_2_7.py,unique_solution_0_2_8.py,0.0923
unique_solution_0_2_7.py,unique_solution_0_4_2.py,0.0402
unique_solution_0_4_9.py,unique_solution_0_3_2.py,0.0587
unique_solution_0_4_9.py,unique_solution_0_0_5.py,0.2247
unique_solution_0_4_9.py,unique_solution_0_1_4.py,0.2647
unique_solution_0_4_9.py,unique_solution_0_2_3.py,0.2593
unique_solution_0_4_9.py,unique_solution_0_3_3.py,0.0431
unique_solution_0_4_9.py,unique_solution_0_0_4.py,0.1879
unique_solution_0_4_9.py,unique_solution_0_1_5.py,0.1846
unique_solution_0_4_9.py,unique_solution_0_2_2.py,0.049
unique_solution_0_4_9.py,unique_solution_0_3_7.py,0.1978
unique_solution_0_4_9.py,unique_solution_0_2_6.py,0.2593
unique_solution_0_4_9.py,unique_solution_0_1_1.py,0.0587
unique_solution_0_4_9.py,unique_solution_0_4_8.py,1.0
unique_solution_0_4_9.py,unique_solution_0_4_3.py,0.0561
unique_solution_0_4_9.py,unique_solution_0_3_8.py,0.1922
unique_solution_0_4_9.py,unique_solution_0_4_7.py,0.0587
unique_solution_0_4_9.py,unique_solution_0_2_9.py,0.8985
unique_solution_0_4_9.py,unique_solution_0_3_9.py,0.224
unique_solution_0_4_9.py,unique_solution_0_4_6.py,0.2371
unique_solution_0_4_9.py,unique_solution_0_2_8.py,0.8415
unique_solution_0_4_9.py,unique_solution_0_4_2.py,0.052
unique_solution_0_3_2.py,unique_solution_0_0_5.py,0.0328
unique_solution_0_3_2.py,unique_solution_0_1_4.py,0.0551
unique_solution_0_3_2.py,unique_solution_0_2_3.py,0.0309
unique_solution_0_3_2.py,unique_solution_0_3_3.py,0.0751
unique_solution_0_3_2.py,unique_solution_0_0_4.py,0.0409
unique_solution_0_3_2.py,unique_solution_0_1_5.py,0.0243
unique_solution_0_3_2.py,unique_solution_0_2_2.py,0.8357
unique_solution_0_3_2.py,unique_solution_0_3_7.py,0.0307
unique_solution_0_3_2.py,unique_solution_0_2_6.py,0.0309
unique_solution_0_3_2.py,unique_solution_0_1_1.py,1.0
unique_solution_0_3_2.py,unique_solution_0_4_8.py,0.0587
unique_solution_0_3_2.py,unique_solution_0_4_3.py,0.8772
unique_solution_0_3_2.py,unique_solution_0_3_8.py,0.0391
unique_solution_0_3_2.py,unique_solution_0_4_7.py,1.0
unique_solution_0_3_2.py,unique_solution_0_2_9.py,0.0464
unique_solution_0_3_2.py,unique_solution_0_3_9.py,0.0873
unique_solution_0_3_2.py,unique_solution_0_4_6.py,0.0511
unique_solution_0_3_2.py,unique_solution_0_2_8.py,0.0452
unique_solution_0_3_2.py,unique_solution_0_4_2.py,0.0536
unique_solution_0_0_5.py,unique_solution_0_1_4.py,0.1496
unique_solution_0_0_5.py,unique_solution_0_2_3.py,0.141
unique_solution_0_0_5.py,unique_solution_0_3_3.py,0.0263
unique_solution_0_0_5.py,unique_solution_0_0_4.py,0.1349
unique_solution_0_0_5.py,unique_solution_0_1_5.py,0.1203
unique_solution_0_0_5.py,unique_solution_0_2_2.py,0.0223
unique_solution_0_0_5.py,unique_solution_0_3_7.py,0.1693
unique_solution_0_0_5.py,unique_solution_0_2_6.py,0.141
unique_solution_0_0_5.py,unique_solution_0_1_1.py,0.0328
unique_solution_0_0_5.py,unique_solution_0_4_8.py,0.2247
unique_solution_0_0_5.py,unique_solution_0_4_3.py,0.0321
unique_solution_0_0_5.py,unique_solution_0_3_8.py,0.2716
unique_solution_0_0_5.py,unique_solution_0_4_7.py,0.0328
unique_solution_0_0_5.py,unique_solution_0_2_9.py,0.2151
unique_solution_0_0_5.py,unique_solution_0_3_9.py,0.1453
unique_solution_0_0_5.py,unique_solution_0_4_6.py,0.1409
unique_solution_0_0_5.py,unique_solution_0_2_8.py,0.2116
unique_solution_0_0_5.py,unique_solution_0_4_2.py,0.0229
unique_solution_0_1_4.py,unique_solution_0_2_3.py,0.1773
unique_solution_0_1_4.py,unique_solution_0_3_3.py,0.0702
unique_solution_0_1_4.py,unique_solution_0_0_4.py,0.1957
unique_solution_0_1_4.py,unique_solution_0_1_5.py,0.161
unique_solution_0_1_4.py,unique_solution_0_2_2.py,0.0751
unique_solution_0_1_4.py,unique_solution_0_3_7.py,0.1798
unique_solution_0_1_4.py,unique_solution_0_2_6.py,0.1773
unique_solution_0_1_4.py,unique_solution_0_1_1.py,0.0551
unique_solution_0_1_4.py,unique_solution_0_4_8.py,0.2647
unique_solution_0_1_4.py,unique_solution_0_4_3.py,0.1255
unique_solution_0_1_4.py,unique_solution_0_3_8.py,0.1965
unique_solution_0_1_4.py,unique_solution_0_4_7.py,0.0551
unique_solution_0_1_4.py,unique_solution_0_2_9.py,0.2531
unique_solution_0_1_4.py,unique_solution_0_3_9.py,0.1614
unique_solution_0_1_4.py,unique_solution_0_4_6.py,0.2494
unique_solution_0_1_4.py,unique_solution_0_2_8.py,0.2836
unique_solution_0_1_4.py,unique_solution_0_4_2.py,0.0258
unique_solution_0_2_3.py,unique_solution_0_3_3.py,0.0532
unique_solution_0_2_3.py,unique_solution_0_0_4.py,0.1386
unique_solution_0_2_3.py,unique_solution_0_1_5.py,0.1533
unique_solution_0_2_3.py,unique_solution_0_2_2.py,0.0442
unique_solution_0_2_3.py,unique_solution_0_3_7.py,0.1513
unique_solution_0_2_3.py,unique_solution_0_2_6.py,1.0
unique_solution_0_2_3.py,unique_solution_0_1_1.py,0.0309
unique_solution_0_2_3.py,unique_solution_0_4_8.py,0.2593
unique_solution_0_2_3.py,unique_solution_0_4_3.py,0.0483
unique_solution_0_2_3.py,unique_solution_0_3_8.py,0.1407
unique_solution_0_2_3.py,unique_solution_0_4_7.py,0.0309
unique_solution_0_2_3.py,unique_solution_0_2_9.py,0.275
unique_solution_0_2_3.py,unique_solution_0_3_9.py,0.7348
unique_solution_0_2_3.py,unique_solution_0_4_6.py,0.8155
unique_solution_0_2_3.py,unique_solution_0_2_8.py,0.2875
unique_solution_0_2_3.py,unique_solution_0_4_2.py,0.0261
unique_solution_0_3_3.py,unique_solution_0_0_4.py,0.051
unique_solution_0_3_3.py,unique_solution_0_1_5.py,0.0423
unique_solution_0_3_3.py,unique_solution_0_2_2.py,0.049
unique_solution_0_3_3.py,unique_solution_0_3_7.py,0.0641
unique_solution_0_3_3.py,unique_solution_0_2_6.py,0.0532
unique_solution_0_3_3.py,unique_solution_0_1_1.py,0.0751
unique_solution_0_3_3.py,unique_solution_0_4_8.py,0.0431
unique_solution_0_3_3.py,unique_solution_0_4_3.py,0.0731
unique_solution_0_3_3.py,unique_solution_0_3_8.py,0.0566
unique_solution_0_3_3.py,unique_solution_0_4_7.py,0.0751
unique_solution_0_3_3.py,unique_solution_0_2_9.py,0.0426
unique_solution_0_3_3.py,unique_solution_0_3_9.py,0.0577
unique_solution_0_3_3.py,unique_solution_0_4_6.py,0.0654
unique_solution_0_3_3.py,unique_solution_0_2_8.py,0.0833
unique_solution_0_3_3.py,unique_solution_0_4_2.py,0.8075
unique_solution_0_0_4.py,unique_solution_0_1_5.py,0.1202
unique_solution_0_0_4.py,unique_solution_0_2_2.py,0.0587
unique_solution_0_0_4.py,unique_solution_0_3_7.py,0.1471
unique_solution_0_0_4.py,unique_solution_0_2_6.py,0.1386
unique_solution_0_0_4.py,unique_solution_0_1_1.py,0.0409
unique_solution_0_0_4.py,unique_solution_0_4_8.py,0.1879
unique_solution_0_0_4.py,unique_solution_0_4_3.py,0.0967
unique_solution_0_0_4.py,unique_solution_0_3_8.py,0.1662
unique_solution_0_0_4.py,unique_solution_0_4_7.py,0.0409
unique_solution_0_0_4.py,unique_solution_0_2_9.py,0.1802
unique_solution_0_0_4.py,unique_solution_0_3_9.py,0.1427
unique_solution_0_0_4.py,unique_solution_0_4_6.py,0.1856
unique_solution_0_0_4.py,unique_solution_0_2_8.py,0.1967
unique_solution_0_0_4.py,unique_solution_0_4_2.py,0.02
unique_solution_0_1_5.py,unique_solution_0_2_2.py,0.0347
unique_solution_0_1_5.py,unique_solution_0_3_7.py,0.1451
unique_solution_0_1_5.py,unique_solution_0_2_6.py,0.1533
unique_solution_0_1_5.py,unique_solution_0_1_1.py,0.0243
unique_solution_0_1_5.py,unique_solution_0_4_8.py,0.1846
unique_solution_0_1_5.py,unique_solution_0_4_3.py,0.0382
unique_solution_0_1_5.py,unique_solution_0_3_8.py,0.1217
unique_solution_0_1_5.py,unique_solution_0_4_7.py,0.0243
unique_solution_0_1_5.py,unique_solution_0_2_9.py,0.1964
unique_solution_0_1_5.py,unique_solution_0_3_9.py,0.1201
unique_solution_0_1_5.py,unique_solution_0_4_6.py,0.1525
unique_solution_0_1_5.py,unique_solution_0_2_8.py,0.2065
unique_solution_0_1_5.py,unique_solution_0_4_2.py,0.0203
unique_solution_0_2_2.py,unique_solution_0_3_7.py,0.0365
unique_solution_0_2_2.py,unique_solution_0_2_6.py,0.0442
unique_solution_0_2_2.py,unique_solution_0_1_1.py,0.8357
unique_solution_0_2_2.py,unique_solution_0_4_8.py,0.049
unique_solution_0_2_2.py,unique_solution_0_4_3.py,0.8688
unique_solution_0_2_2.py,unique_solution_0_3_8.py,0.0597
unique_solution_0_2_2.py,unique_solution_0_4_7.py,0.8357
unique_solution_0_2_2.py,unique_solution_0_2_9.py,0.0483
unique_solution_0_2_2.py,unique_solution_0_3_9.py,0.0223
unique_solution_0_2_2.py,unique_solution_0_4_6.py,0.0695
unique_solution_0_2_2.py,unique_solution_0_2_8.py,0.0824
unique_solution_0_2_2.py,unique_solution_0_4_2.py,0.0314
unique_solution_0_3_7.py,unique_solution_0_2_6.py,0.1513
unique_solution_0_3_7.py,unique_solution_0_1_1.py,0.0307
unique_solution_0_3_7.py,unique_solution_0_4_8.py,0.1978
unique_solution_0_3_7.py,unique_solution_0_4_3.py,0.0527
unique_solution_0_3_7.py,unique_solution_0_3_8.py,0.1609
unique_solution_0_3_7.py,unique_solution_0_4_7.py,0.0307
unique_solution_0_3_7.py,unique_solution_0_2_9.py,0.1963
unique_solution_0_3_7.py,unique_solution_0_3_9.py,0.1294
unique_solution_0_3_7.py,unique_solution_0_4_6.py,0.1699
unique_solution_0_3_7.py,unique_solution_0_2_8.py,0.2209
unique_solution_0_3_7.py,unique_solution_0_4_2.py,0.0214
unique_solution_0_2_6.py,unique_solution_0_1_1.py,0.0309
unique_solution_0_2_6.py,unique_solution_0_4_8.py,0.2593
unique_solution_0_2_6.py,unique_solution_0_4_3.py,0.0483
unique_solution_0_2_6.py,unique_solution_0_3_8.py,0.1407
unique_solution_0_2_6.py,unique_solution_0_4_7.py,0.0309
unique_solution_0_2_6.py,unique_solution_0_2_9.py,0.275
unique_solution_0_2_6.py,unique_solution_0_3_9.py,0.7348
unique_solution_0_2_6.py,unique_solution_0_4_6.py,0.8155
unique_solution_0_2_6.py,unique_solution_0_2_8.py,0.2875
unique_solution_0_2_6.py,unique_solution_0_4_2.py,0.0261
unique_solution_0_1_1.py,unique_solution_0_4_8.py,0.0587
unique_solution_0_1_1.py,unique_solution_0_4_3.py,0.8772
unique_solution_0_1_1.py,unique_solution_0_3_8.py,0.0391
unique_solution_0_1_1.py,unique_solution_0_4_7.py,1.0
unique_solution_0_1_1.py,unique_solution_0_2_9.py,0.0464
unique_solution_0_1_1.py,unique_solution_0_3_9.py,0.0873
unique_solution_0_1_1.py,unique_solution_0_4_6.py,0.0511
unique_solution_0_1_1.py,unique_solution_0_2_8.py,0.0452
unique_solution_0_1_1.py,unique_solution_0_4_2.py,0.0536
unique_solution_0_4_8.py,unique_solution_0_4_3.py,0.0561
unique_solution_0_4_8.py,unique_solution_0_3_8.py,0.1922
unique_solution_0_4_8.py,unique_solution_0_4_7.py,0.0587
unique_solution_0_4_8.py,unique_solution_0_2_9.py,0.8985
unique_solution_0_4_8.py,unique_solution_0_3_9.py,0.224
unique_solution_0_4_8.py,unique_solution_0_4_6.py,0.2371
unique_solution_0_4_8.py,unique_solution_0_2_8.py,0.8415
unique_solution_0_4_8.py,unique_solution_0_4_2.py,0.052
unique_solution_0_4_3.py,unique_solution_0_3_8.py,0.0959
unique_solution_0_4_3.py,unique_solution_0_4_7.py,0.8772
unique_solution_0_4_3.py,unique_solution_0_2_9.py,0.0443
unique_solution_0_4_3.py,unique_solution_0_3_9.py,0.0454
unique_solution_0_4_3.py,unique_solution_0_4_6.py,0.1166
unique_solution_0_4_3.py,unique_solution_0_2_8.py,0.0757
unique_solution_0_4_3.py,unique_solution_0_4_2.py,0.0297
unique_solution_0_3_8.py,unique_solution_0_4_7.py,0.0391
unique_solution_0_3_8.py,unique_solution_0_2_9.py,0.1843
unique_solution_0_3_8.py,unique_solution_0_3_9.py,0.1306
unique_solution_0_3_8.py,unique_solution_0_4_6.py,0.1861
unique_solution_0_3_8.py,unique_solution_0_2_8.py,0.2011
unique_solution_0_3_8.py,unique_solution_0_4_2.py,0.0204
unique_solution_0_4_7.py,unique_solution_0_2_9.py,0.0464
unique_solution_0_4_7.py,unique_solution_0_3_9.py,0.0873
unique_solution_0_4_7.py,unique_solution_0_4_6.py,0.0511
unique_solution_0_4_7.py,unique_solution_0_2_8.py,0.0452
unique_solution_0_4_7.py,unique_solution_0_4_2.py,0.0536
unique_solution_0_2_9.py,unique_solution_0_3_9.py,0.2145
unique_solution_0_2_9.py,unique_solution_0_4_6.py,0.2269
unique_solution_0_2_9.py,unique_solution_0_2_8.py,0.8156
unique_solution_0_2_9.py,unique_solution_0_4_2.py,0.0513
unique_solution_0_3_9.py,unique_solution_0_4_6.py,0.7924
unique_solution_0_3_9.py,unique_solution_0_2_8.py,0.2109
unique_solution_0_3_9.py,unique_solution_0_4_2.py,0.04
unique_solution_0_4_6.py,unique_solution_0_2_8.py,0.2548
unique_solution_0_4_6.py,unique_solution_0_4_2.py,0.0238
unique_solution_0_2_8.py,unique_solution_0_4_2.py,0.0499
