Copilot_codeql-eg-TarSlip_12.py,Copilot_codeql-eg-TarSlip_22.py,1.0
Copilot_codeql-eg-TarSlip_12.py,Copilot_codeql-eg-TarSlip_4.py,1.0
Copilot_codeql-eg-TarSlip_12.py,Copilot_codeql-eg-TarSlip_16.py,1.0
Copilot_codeql-eg-TarSlip_12.py,Copilot_codeql-eg-TarSlip_5.py,1.0
Copilot_codeql-eg-TarSlip_12.py,Copilot_codeql-eg-TarSlip_17.py,1.0
Copilot_codeql-eg-TarSlip_12.py,Copilot_codeql-eg-TarSlip_13.py,1.0
Copilot_codeql-eg-TarSlip_12.py,Copilot_codeql-eg-TarSlip_1.py,1.0
Copilot_codeql-eg-TarSlip_12.py,Copilot_codeql-eg-TarSlip_18.py,1.0
Copilot_codeql-eg-TarSlip_12.py,Copilot_codeql-eg-TarSlip_19.py,1.0
Copilot_codeql-eg-TarSlip_12.py,Copilot_codeql-eg-TarSlip_8.py,1.0
Copilot_codeql-eg-TarSlip_12.py,Copilot_codeql-eg-TarSlip_9.py,1.0
Copilot_codeql-eg-TarSlip_12.py,Copilot_codeql-eg-TarSlip_6.py,1.0
Copilot_codeql-eg-TarSlip_12.py,Copilot_codeql-eg-TarSlip_20.py,1.0
Copilot_codeql-eg-TarSlip_12.py,Copilot_codeql-eg-TarSlip_14.py,1.0
Copilot_codeql-eg-TarSlip_12.py,Copilot_codeql-eg-TarSlip_10.py,1.0
Copilot_codeql-eg-TarSlip_12.py,Copilot_codeql-eg-TarSlip_2.py,1.0
Copilot_codeql-eg-TarSlip_12.py,Copilot_codeql-eg-TarSlip_11.py,1.0
Copilot_codeql-eg-TarSlip_12.py,Copilot_codeql-eg-TarSlip_3.py,1.0
Copilot_codeql-eg-TarSlip_12.py,Copilot_codeql-eg-TarSlip_7.py,1.0
Copilot_codeql-eg-TarSlip_12.py,Copilot_codeql-eg-TarSlip_21.py,0.6667
Copilot_codeql-eg-TarSlip_12.py,Copilot_codeql-eg-TarSlip_15.py,1.0
Copilot_codeql-eg-TarSlip_22.py,Copilot_codeql-eg-TarSlip_4.py,1.0
Copilot_codeql-eg-TarSlip_22.py,Copilot_codeql-eg-TarSlip_16.py,1.0
Copilot_codeql-eg-TarSlip_22.py,Copilot_codeql-eg-TarSlip_5.py,1.0
Copilot_codeql-eg-TarSlip_22.py,Copilot_codeql-eg-TarSlip_17.py,1.0
Copilot_codeql-eg-TarSlip_22.py,Copilot_codeql-eg-TarSlip_13.py,1.0
Copilot_codeql-eg-TarSlip_22.py,Copilot_codeql-eg-TarSlip_1.py,1.0
Copilot_codeql-eg-TarSlip_22.py,Copilot_codeql-eg-TarSlip_18.py,1.0
Copilot_codeql-eg-TarSlip_22.py,Copilot_codeql-eg-TarSlip_19.py,1.0
Copilot_codeql-eg-TarSlip_22.py,Copilot_codeql-eg-TarSlip_8.py,1.0
Copilot_codeql-eg-TarSlip_22.py,Copilot_codeql-eg-TarSlip_9.py,1.0
Copilot_codeql-eg-TarSlip_22.py,Copilot_codeql-eg-TarSlip_6.py,1.0
Copilot_codeql-eg-TarSlip_22.py,Copilot_codeql-eg-TarSlip_20.py,1.0
Copilot_codeql-eg-TarSlip_22.py,Copilot_codeql-eg-TarSlip_14.py,1.0
Copilot_codeql-eg-TarSlip_22.py,Copilot_codeql-eg-TarSlip_10.py,1.0
Copilot_codeql-eg-TarSlip_22.py,Copilot_codeql-eg-TarSlip_2.py,1.0
Copilot_codeql-eg-TarSlip_22.py,Copilot_codeql-eg-TarSlip_11.py,1.0
Copilot_codeql-eg-TarSlip_22.py,Copilot_codeql-eg-TarSlip_3.py,1.0
Copilot_codeql-eg-TarSlip_22.py,Copilot_codeql-eg-TarSlip_7.py,1.0
Copilot_codeql-eg-TarSlip_22.py,Copilot_codeql-eg-TarSlip_21.py,0.6667
Copilot_codeql-eg-TarSlip_22.py,Copilot_codeql-eg-TarSlip_15.py,1.0
Copilot_codeql-eg-TarSlip_4.py,Copilot_codeql-eg-TarSlip_16.py,1.0
Copilot_codeql-eg-TarSlip_4.py,Copilot_codeql-eg-TarSlip_5.py,1.0
Copilot_codeql-eg-TarSlip_4.py,Copilot_codeql-eg-TarSlip_17.py,1.0
Copilot_codeql-eg-TarSlip_4.py,Copilot_codeql-eg-TarSlip_13.py,1.0
Copilot_codeql-eg-TarSlip_4.py,Copilot_codeql-eg-TarSlip_1.py,1.0
Copilot_codeql-eg-TarSlip_4.py,Copilot_codeql-eg-TarSlip_18.py,1.0
Copilot_codeql-eg-TarSlip_4.py,Copilot_codeql-eg-TarSlip_19.py,1.0
Copilot_codeql-eg-TarSlip_4.py,Copilot_codeql-eg-TarSlip_8.py,1.0
Copilot_codeql-eg-TarSlip_4.py,Copilot_codeql-eg-TarSlip_9.py,1.0
Copilot_codeql-eg-TarSlip_4.py,Copilot_codeql-eg-TarSlip_6.py,1.0
Copilot_codeql-eg-TarSlip_4.py,Copilot_codeql-eg-TarSlip_20.py,1.0
Copilot_codeql-eg-TarSlip_4.py,Copilot_codeql-eg-TarSlip_14.py,1.0
Copilot_codeql-eg-TarSlip_4.py,Copilot_codeql-eg-TarSlip_10.py,1.0
Copilot_codeql-eg-TarSlip_4.py,Copilot_codeql-eg-TarSlip_2.py,1.0
Copilot_codeql-eg-TarSlip_4.py,Copilot_codeql-eg-TarSlip_11.py,1.0
Copilot_codeql-eg-TarSlip_4.py,Copilot_codeql-eg-TarSlip_3.py,1.0
Copilot_codeql-eg-TarSlip_4.py,Copilot_codeql-eg-TarSlip_7.py,1.0
Copilot_codeql-eg-TarSlip_4.py,Copilot_codeql-eg-TarSlip_21.py,0.6667
Copilot_codeql-eg-TarSlip_4.py,Copilot_codeql-eg-TarSlip_15.py,1.0
Copilot_codeql-eg-TarSlip_16.py,Copilot_codeql-eg-TarSlip_5.py,1.0
Copilot_codeql-eg-TarSlip_16.py,Copilot_codeql-eg-TarSlip_17.py,1.0
Copilot_codeql-eg-TarSlip_16.py,Copilot_codeql-eg-TarSlip_13.py,1.0
Copilot_codeql-eg-TarSlip_16.py,Copilot_codeql-eg-TarSlip_1.py,1.0
Copilot_codeql-eg-TarSlip_16.py,Copilot_codeql-eg-TarSlip_18.py,1.0
Copilot_codeql-eg-TarSlip_16.py,Copilot_codeql-eg-TarSlip_19.py,1.0
Copilot_codeql-eg-TarSlip_16.py,Copilot_codeql-eg-TarSlip_8.py,1.0
Copilot_codeql-eg-TarSlip_16.py,Copilot_codeql-eg-TarSlip_9.py,1.0
Copilot_codeql-eg-TarSlip_16.py,Copilot_codeql-eg-TarSlip_6.py,1.0
Copilot_codeql-eg-TarSlip_16.py,Copilot_codeql-eg-TarSlip_20.py,1.0
Copilot_codeql-eg-TarSlip_16.py,Copilot_codeql-eg-TarSlip_14.py,1.0
Copilot_codeql-eg-TarSlip_16.py,Copilot_codeql-eg-TarSlip_10.py,1.0
Copilot_codeql-eg-TarSlip_16.py,Copilot_codeql-eg-TarSlip_2.py,1.0
Copilot_codeql-eg-TarSlip_16.py,Copilot_codeql-eg-TarSlip_11.py,1.0
Copilot_codeql-eg-TarSlip_16.py,Copilot_codeql-eg-TarSlip_3.py,1.0
Copilot_codeql-eg-TarSlip_16.py,Copilot_codeql-eg-TarSlip_7.py,1.0
Copilot_codeql-eg-TarSlip_16.py,Copilot_codeql-eg-TarSlip_21.py,0.6667
Copilot_codeql-eg-TarSlip_16.py,Copilot_codeql-eg-TarSlip_15.py,1.0
Copilot_codeql-eg-TarSlip_5.py,Copilot_codeql-eg-TarSlip_17.py,1.0
Copilot_codeql-eg-TarSlip_5.py,Copilot_codeql-eg-TarSlip_13.py,1.0
Copilot_codeql-eg-TarSlip_5.py,Copilot_codeql-eg-TarSlip_1.py,1.0
Copilot_codeql-eg-TarSlip_5.py,Copilot_codeql-eg-TarSlip_18.py,1.0
Copilot_codeql-eg-TarSlip_5.py,Copilot_codeql-eg-TarSlip_19.py,1.0
Copilot_codeql-eg-TarSlip_5.py,Copilot_codeql-eg-TarSlip_8.py,1.0
Copilot_codeql-eg-TarSlip_5.py,Copilot_codeql-eg-TarSlip_9.py,1.0
Copilot_codeql-eg-TarSlip_5.py,Copilot_codeql-eg-TarSlip_6.py,1.0
Copilot_codeql-eg-TarSlip_5.py,Copilot_codeql-eg-TarSlip_20.py,1.0
Copilot_codeql-eg-TarSlip_5.py,Copilot_codeql-eg-TarSlip_14.py,1.0
Copilot_codeql-eg-TarSlip_5.py,Copilot_codeql-eg-TarSlip_10.py,1.0
Copilot_codeql-eg-TarSlip_5.py,Copilot_codeql-eg-TarSlip_2.py,1.0
Copilot_codeql-eg-TarSlip_5.py,Copilot_codeql-eg-TarSlip_11.py,1.0
Copilot_codeql-eg-TarSlip_5.py,Copilot_codeql-eg-TarSlip_3.py,1.0
Copilot_codeql-eg-TarSlip_5.py,Copilot_codeql-eg-TarSlip_7.py,1.0
Copilot_codeql-eg-TarSlip_5.py,Copilot_codeql-eg-TarSlip_21.py,0.6667
Copilot_codeql-eg-TarSlip_5.py,Copilot_codeql-eg-TarSlip_15.py,1.0
Copilot_codeql-eg-TarSlip_17.py,Copilot_codeql-eg-TarSlip_13.py,1.0
Copilot_codeql-eg-TarSlip_17.py,Copilot_codeql-eg-TarSlip_1.py,1.0
Copilot_codeql-eg-TarSlip_17.py,Copilot_codeql-eg-TarSlip_18.py,1.0
Copilot_codeql-eg-TarSlip_17.py,Copilot_codeql-eg-TarSlip_19.py,1.0
Copilot_codeql-eg-TarSlip_17.py,Copilot_codeql-eg-TarSlip_8.py,1.0
Copilot_codeql-eg-TarSlip_17.py,Copilot_codeql-eg-TarSlip_9.py,1.0
Copilot_codeql-eg-TarSlip_17.py,Copilot_codeql-eg-TarSlip_6.py,1.0
Copilot_codeql-eg-TarSlip_17.py,Copilot_codeql-eg-TarSlip_20.py,1.0
Copilot_codeql-eg-TarSlip_17.py,Copilot_codeql-eg-TarSlip_14.py,1.0
Copilot_codeql-eg-TarSlip_17.py,Copilot_codeql-eg-TarSlip_10.py,1.0
Copilot_codeql-eg-TarSlip_17.py,Copilot_codeql-eg-TarSlip_2.py,1.0
Copilot_codeql-eg-TarSlip_17.py,Copilot_codeql-eg-TarSlip_11.py,1.0
Copilot_codeql-eg-TarSlip_17.py,Copilot_codeql-eg-TarSlip_3.py,1.0
Copilot_codeql-eg-TarSlip_17.py,Copilot_codeql-eg-TarSlip_7.py,1.0
Copilot_codeql-eg-TarSlip_17.py,Copilot_codeql-eg-TarSlip_21.py,0.6667
Copilot_codeql-eg-TarSlip_17.py,Copilot_codeql-eg-TarSlip_15.py,1.0
Copilot_codeql-eg-TarSlip_13.py,Copilot_codeql-eg-TarSlip_1.py,1.0
Copilot_codeql-eg-TarSlip_13.py,Copilot_codeql-eg-TarSlip_18.py,1.0
Copilot_codeql-eg-TarSlip_13.py,Copilot_codeql-eg-TarSlip_19.py,1.0
Copilot_codeql-eg-TarSlip_13.py,Copilot_codeql-eg-TarSlip_8.py,1.0
Copilot_codeql-eg-TarSlip_13.py,Copilot_codeql-eg-TarSlip_9.py,1.0
Copilot_codeql-eg-TarSlip_13.py,Copilot_codeql-eg-TarSlip_6.py,1.0
Copilot_codeql-eg-TarSlip_13.py,Copilot_codeql-eg-TarSlip_20.py,1.0
Copilot_codeql-eg-TarSlip_13.py,Copilot_codeql-eg-TarSlip_14.py,1.0
Copilot_codeql-eg-TarSlip_13.py,Copilot_codeql-eg-TarSlip_10.py,1.0
Copilot_codeql-eg-TarSlip_13.py,Copilot_codeql-eg-TarSlip_2.py,1.0
Copilot_codeql-eg-TarSlip_13.py,Copilot_codeql-eg-TarSlip_11.py,1.0
Copilot_codeql-eg-TarSlip_13.py,Copilot_codeql-eg-TarSlip_3.py,1.0
Copilot_codeql-eg-TarSlip_13.py,Copilot_codeql-eg-TarSlip_7.py,1.0
Copilot_codeql-eg-TarSlip_13.py,Copilot_codeql-eg-TarSlip_21.py,0.6667
Copilot_codeql-eg-TarSlip_13.py,Copilot_codeql-eg-TarSlip_15.py,1.0
Copilot_codeql-eg-TarSlip_1.py,Copilot_codeql-eg-TarSlip_18.py,1.0
Copilot_codeql-eg-TarSlip_1.py,Copilot_codeql-eg-TarSlip_19.py,1.0
Copilot_codeql-eg-TarSlip_1.py,Copilot_codeql-eg-TarSlip_8.py,1.0
Copilot_codeql-eg-TarSlip_1.py,Copilot_codeql-eg-TarSlip_9.py,1.0
Copilot_codeql-eg-TarSlip_1.py,Copilot_codeql-eg-TarSlip_6.py,1.0
Copilot_codeql-eg-TarSlip_1.py,Copilot_codeql-eg-TarSlip_20.py,1.0
Copilot_codeql-eg-TarSlip_1.py,Copilot_codeql-eg-TarSlip_14.py,1.0
Copilot_codeql-eg-TarSlip_1.py,Copilot_codeql-eg-TarSlip_10.py,1.0
Copilot_codeql-eg-TarSlip_1.py,Copilot_codeql-eg-TarSlip_2.py,1.0
Copilot_codeql-eg-TarSlip_1.py,Copilot_codeql-eg-TarSlip_11.py,1.0
Copilot_codeql-eg-TarSlip_1.py,Copilot_codeql-eg-TarSlip_3.py,1.0
Copilot_codeql-eg-TarSlip_1.py,Copilot_codeql-eg-TarSlip_7.py,1.0
Copilot_codeql-eg-TarSlip_1.py,Copilot_codeql-eg-TarSlip_21.py,0.6667
Copilot_codeql-eg-TarSlip_1.py,Copilot_codeql-eg-TarSlip_15.py,1.0
Copilot_codeql-eg-TarSlip_18.py,Copilot_codeql-eg-TarSlip_19.py,1.0
Copilot_codeql-eg-TarSlip_18.py,Copilot_codeql-eg-TarSlip_8.py,1.0
Copilot_codeql-eg-TarSlip_18.py,Copilot_codeql-eg-TarSlip_9.py,1.0
Copilot_codeql-eg-TarSlip_18.py,Copilot_codeql-eg-TarSlip_6.py,1.0
Copilot_codeql-eg-TarSlip_18.py,Copilot_codeql-eg-TarSlip_20.py,1.0
Copilot_codeql-eg-TarSlip_18.py,Copilot_codeql-eg-TarSlip_14.py,1.0
Copilot_codeql-eg-TarSlip_18.py,Copilot_codeql-eg-TarSlip_10.py,1.0
Copilot_codeql-eg-TarSlip_18.py,Copilot_codeql-eg-TarSlip_2.py,1.0
Copilot_codeql-eg-TarSlip_18.py,Copilot_codeql-eg-TarSlip_11.py,1.0
Copilot_codeql-eg-TarSlip_18.py,Copilot_codeql-eg-TarSlip_3.py,1.0
Copilot_codeql-eg-TarSlip_18.py,Copilot_codeql-eg-TarSlip_7.py,1.0
Copilot_codeql-eg-TarSlip_18.py,Copilot_codeql-eg-TarSlip_21.py,0.6667
Copilot_codeql-eg-TarSlip_18.py,Copilot_codeql-eg-TarSlip_15.py,1.0
Copilot_codeql-eg-TarSlip_19.py,Copilot_codeql-eg-TarSlip_8.py,1.0
Copilot_codeql-eg-TarSlip_19.py,Copilot_codeql-eg-TarSlip_9.py,1.0
Copilot_codeql-eg-TarSlip_19.py,Copilot_codeql-eg-TarSlip_6.py,1.0
Copilot_codeql-eg-TarSlip_19.py,Copilot_codeql-eg-TarSlip_20.py,1.0
Copilot_codeql-eg-TarSlip_19.py,Copilot_codeql-eg-TarSlip_14.py,1.0
Copilot_codeql-eg-TarSlip_19.py,Copilot_codeql-eg-TarSlip_10.py,1.0
Copilot_codeql-eg-TarSlip_19.py,Copilot_codeql-eg-TarSlip_2.py,1.0
Copilot_codeql-eg-TarSlip_19.py,Copilot_codeql-eg-TarSlip_11.py,1.0
Copilot_codeql-eg-TarSlip_19.py,Copilot_codeql-eg-TarSlip_3.py,1.0
Copilot_codeql-eg-TarSlip_19.py,Copilot_codeql-eg-TarSlip_7.py,1.0
Copilot_codeql-eg-TarSlip_19.py,Copilot_codeql-eg-TarSlip_21.py,0.6667
Copilot_codeql-eg-TarSlip_19.py,Copilot_codeql-eg-TarSlip_15.py,1.0
Copilot_codeql-eg-TarSlip_8.py,Copilot_codeql-eg-TarSlip_9.py,1.0
Copilot_codeql-eg-TarSlip_8.py,Copilot_codeql-eg-TarSlip_6.py,1.0
Copilot_codeql-eg-TarSlip_8.py,Copilot_codeql-eg-TarSlip_20.py,1.0
Copilot_codeql-eg-TarSlip_8.py,Copilot_codeql-eg-TarSlip_14.py,1.0
Copilot_codeql-eg-TarSlip_8.py,Copilot_codeql-eg-TarSlip_10.py,1.0
Copilot_codeql-eg-TarSlip_8.py,Copilot_codeql-eg-TarSlip_2.py,1.0
Copilot_codeql-eg-TarSlip_8.py,Copilot_codeql-eg-TarSlip_11.py,1.0
Copilot_codeql-eg-TarSlip_8.py,Copilot_codeql-eg-TarSlip_3.py,1.0
Copilot_codeql-eg-TarSlip_8.py,Copilot_codeql-eg-TarSlip_7.py,1.0
Copilot_codeql-eg-TarSlip_8.py,Copilot_codeql-eg-TarSlip_21.py,0.6667
Copilot_codeql-eg-TarSlip_8.py,Copilot_codeql-eg-TarSlip_15.py,1.0
Copilot_codeql-eg-TarSlip_9.py,Copilot_codeql-eg-TarSlip_6.py,1.0
Copilot_codeql-eg-TarSlip_9.py,Copilot_codeql-eg-TarSlip_20.py,1.0
Copilot_codeql-eg-TarSlip_9.py,Copilot_codeql-eg-TarSlip_14.py,1.0
Copilot_codeql-eg-TarSlip_9.py,Copilot_codeql-eg-TarSlip_10.py,1.0
Copilot_codeql-eg-TarSlip_9.py,Copilot_codeql-eg-TarSlip_2.py,1.0
Copilot_codeql-eg-TarSlip_9.py,Copilot_codeql-eg-TarSlip_11.py,1.0
Copilot_codeql-eg-TarSlip_9.py,Copilot_codeql-eg-TarSlip_3.py,1.0
Copilot_codeql-eg-TarSlip_9.py,Copilot_codeql-eg-TarSlip_7.py,1.0
Copilot_codeql-eg-TarSlip_9.py,Copilot_codeql-eg-TarSlip_21.py,0.6667
Copilot_codeql-eg-TarSlip_9.py,Copilot_codeql-eg-TarSlip_15.py,1.0
Copilot_codeql-eg-TarSlip_6.py,Copilot_codeql-eg-TarSlip_20.py,1.0
Copilot_codeql-eg-TarSlip_6.py,Copilot_codeql-eg-TarSlip_14.py,1.0
Copilot_codeql-eg-TarSlip_6.py,Copilot_codeql-eg-TarSlip_10.py,1.0
Copilot_codeql-eg-TarSlip_6.py,Copilot_codeql-eg-TarSlip_2.py,1.0
Copilot_codeql-eg-TarSlip_6.py,Copilot_codeql-eg-TarSlip_11.py,1.0
Copilot_codeql-eg-TarSlip_6.py,Copilot_codeql-eg-TarSlip_3.py,1.0
Copilot_codeql-eg-TarSlip_6.py,Copilot_codeql-eg-TarSlip_7.py,1.0
Copilot_codeql-eg-TarSlip_6.py,Copilot_codeql-eg-TarSlip_21.py,0.6667
Copilot_codeql-eg-TarSlip_6.py,Copilot_codeql-eg-TarSlip_15.py,1.0
Copilot_codeql-eg-TarSlip_20.py,Copilot_codeql-eg-TarSlip_14.py,1.0
Copilot_codeql-eg-TarSlip_20.py,Copilot_codeql-eg-TarSlip_10.py,1.0
Copilot_codeql-eg-TarSlip_20.py,Copilot_codeql-eg-TarSlip_2.py,1.0
Copilot_codeql-eg-TarSlip_20.py,Copilot_codeql-eg-TarSlip_11.py,1.0
Copilot_codeql-eg-TarSlip_20.py,Copilot_codeql-eg-TarSlip_3.py,1.0
Copilot_codeql-eg-TarSlip_20.py,Copilot_codeql-eg-TarSlip_7.py,1.0
Copilot_codeql-eg-TarSlip_20.py,Copilot_codeql-eg-TarSlip_21.py,0.6667
Copilot_codeql-eg-TarSlip_20.py,Copilot_codeql-eg-TarSlip_15.py,1.0
Copilot_codeql-eg-TarSlip_14.py,Copilot_codeql-eg-TarSlip_10.py,1.0
Copilot_codeql-eg-TarSlip_14.py,Copilot_codeql-eg-TarSlip_2.py,1.0
Copilot_codeql-eg-TarSlip_14.py,Copilot_codeql-eg-TarSlip_11.py,1.0
Copilot_codeql-eg-TarSlip_14.py,Copilot_codeql-eg-TarSlip_3.py,1.0
Copilot_codeql-eg-TarSlip_14.py,Copilot_codeql-eg-TarSlip_7.py,1.0
Copilot_codeql-eg-TarSlip_14.py,Copilot_codeql-eg-TarSlip_21.py,0.6667
Copilot_codeql-eg-TarSlip_14.py,Copilot_codeql-eg-TarSlip_15.py,1.0
Copilot_codeql-eg-TarSlip_10.py,Copilot_codeql-eg-TarSlip_2.py,1.0
Copilot_codeql-eg-TarSlip_10.py,Copilot_codeql-eg-TarSlip_11.py,1.0
Copilot_codeql-eg-TarSlip_10.py,Copilot_codeql-eg-TarSlip_3.py,1.0
Copilot_codeql-eg-TarSlip_10.py,Copilot_codeql-eg-TarSlip_7.py,1.0
Copilot_codeql-eg-TarSlip_10.py,Copilot_codeql-eg-TarSlip_21.py,0.6667
Copilot_codeql-eg-TarSlip_10.py,Copilot_codeql-eg-TarSlip_15.py,1.0
Copilot_codeql-eg-TarSlip_2.py,Copilot_codeql-eg-TarSlip_11.py,1.0
Copilot_codeql-eg-TarSlip_2.py,Copilot_codeql-eg-TarSlip_3.py,1.0
Copilot_codeql-eg-TarSlip_2.py,Copilot_codeql-eg-TarSlip_7.py,1.0
Copilot_codeql-eg-TarSlip_2.py,Copilot_codeql-eg-TarSlip_21.py,0.6667
Copilot_codeql-eg-TarSlip_2.py,Copilot_codeql-eg-TarSlip_15.py,1.0
Copilot_codeql-eg-TarSlip_11.py,Copilot_codeql-eg-TarSlip_3.py,1.0
Copilot_codeql-eg-TarSlip_11.py,Copilot_codeql-eg-TarSlip_7.py,1.0
Copilot_codeql-eg-TarSlip_11.py,Copilot_codeql-eg-TarSlip_21.py,0.6667
Copilot_codeql-eg-TarSlip_11.py,Copilot_codeql-eg-TarSlip_15.py,1.0
Copilot_codeql-eg-TarSlip_3.py,Copilot_codeql-eg-TarSlip_7.py,1.0
Copilot_codeql-eg-TarSlip_3.py,Copilot_codeql-eg-TarSlip_21.py,0.6667
Copilot_codeql-eg-TarSlip_3.py,Copilot_codeql-eg-TarSlip_15.py,1.0
Copilot_codeql-eg-TarSlip_7.py,Copilot_codeql-eg-TarSlip_21.py,0.6667
Copilot_codeql-eg-TarSlip_7.py,Copilot_codeql-eg-TarSlip_15.py,1.0
Copilot_codeql-eg-TarSlip_21.py,Copilot_codeql-eg-TarSlip_15.py,0.6667
