unique_solution_0_4_5.py,unique_solution_0_0_9.py,0.0479
unique_solution_0_4_5.py,unique_solution_0_4_1.py,0.0272
unique_solution_0_4_5.py,unique_solution_0_0_8.py,0.0989
unique_solution_0_4_5.py,unique_solution_0_3_10.py,0.0308
unique_solution_0_4_5.py,unique_solution_0_4_4.py,0.1043
unique_solution_0_4_5.py,unique_solution_0_0_7.py,0.0809
unique_solution_0_4_5.py,unique_solution_0_2_1.py,0.1264
unique_solution_0_4_5.py,unique_solution_0_0_3.py,0.0391
unique_solution_0_4_5.py,unique_solution_0_3_4.py,0.1067
unique_solution_0_4_5.py,unique_solution_0_2_5.py,0.5148
unique_solution_0_4_5.py,unique_solution_0_1_2.py,0.1238
unique_solution_0_4_5.py,unique_solution_0_0_2.py,0.1206
unique_solution_0_4_5.py,unique_solution_0_3_5.py,0.0299
unique_solution_0_4_5.py,unique_solution_0_0_10.py,0.657
unique_solution_0_4_5.py,unique_solution_0_2_4.py,0.7468
unique_solution_0_4_5.py,unique_solution_0_1_3.py,0.3938
unique_solution_0_4_5.py,unique_solution_0_3_1.py,0.6756
unique_solution_0_4_5.py,unique_solution_0_0_6.py,0.1038
unique_solution_0_4_5.py,unique_solution_0_2_10.py,0.038
unique_solution_0_4_5.py,unique_solution_0_0_1.py,0.0328
unique_solution_0_4_5.py,unique_solution_0_3_6.py,0.7662
unique_solution_0_4_5.py,unique_solution_0_3_2.py,0.0911
unique_solution_0_4_5.py,unique_solution_0_0_5.py,0.3202
unique_solution_0_4_5.py,unique_solution_0_2_3.py,0.657
unique_solution_0_4_5.py,unique_solution_0_3_3.py,0.1199
unique_solution_0_4_5.py,unique_solution_0_0_4.py,0.0322
unique_solution_0_4_5.py,unique_solution_0_2_2.py,0.1404
unique_solution_0_4_5.py,unique_solution_0_3_7.py,0.0294
unique_solution_0_4_5.py,unique_solution_0_2_6.py,0.0546
unique_solution_0_4_5.py,unique_solution_0_1_1.py,0.0271
unique_solution_0_4_5.py,unique_solution_0_4_8.py,0.6756
unique_solution_0_4_5.py,unique_solution_0_4_3.py,0.1288
unique_solution_0_4_5.py,unique_solution_0_3_8.py,0.1064
unique_solution_0_4_5.py,unique_solution_0_4_7.py,0.1005
unique_solution_0_4_5.py,unique_solution_0_2_9.py,0.4023
unique_solution_0_4_5.py,unique_solution_0_3_9.py,0.0453
unique_solution_0_4_5.py,unique_solution_0_4_6.py,0.3702
unique_solution_0_4_5.py,unique_solution_0_4_2.py,0.6338
unique_solution_0_0_9.py,unique_solution_0_4_1.py,0.0301
unique_solution_0_0_9.py,unique_solution_0_0_8.py,0.4065
unique_solution_0_0_9.py,unique_solution_0_3_10.py,0.0327
unique_solution_0_0_9.py,unique_solution_0_4_4.py,0.5555
unique_solution_0_0_9.py,unique_solution_0_0_7.py,0.4557
unique_solution_0_0_9.py,unique_solution_0_2_1.py,0.6277
unique_solution_0_0_9.py,unique_solution_0_0_3.py,0.5292
unique_solution_0_0_9.py,unique_solution_0_3_4.py,0.5283
unique_solution_0_0_9.py,unique_solution_0_2_5.py,0.1279
unique_solution_0_0_9.py,unique_solution_0_1_2.py,0.6135
unique_solution_0_0_9.py,unique_solution_0_0_2.py,0.6427
unique_solution_0_0_9.py,unique_solution_0_3_5.py,0.4417
unique_solution_0_0_9.py,unique_solution_0_0_10.py,0.039
unique_solution_0_0_9.py,unique_solution_0_2_4.py,0.0601
unique_solution_0_0_9.py,unique_solution_0_1_3.py,0.0353
unique_solution_0_0_9.py,unique_solution_0_3_1.py,0.0384
unique_solution_0_0_9.py,unique_solution_0_0_6.py,0.4733
unique_solution_0_0_9.py,unique_solution_0_2_10.py,0.0927
unique_solution_0_0_9.py,unique_solution_0_0_1.py,0.037
unique_solution_0_0_9.py,unique_solution_0_3_6.py,0.0618
unique_solution_0_0_9.py,unique_solution_0_3_2.py,0.5099
unique_solution_0_0_9.py,unique_solution_0_0_5.py,0.0351
unique_solution_0_0_9.py,unique_solution_0_2_3.py,0.039
unique_solution_0_0_9.py,unique_solution_0_3_3.py,0.5499
unique_solution_0_0_9.py,unique_solution_0_0_4.py,0.0343
unique_solution_0_0_9.py,unique_solution_0_2_2.py,0.5707
unique_solution_0_0_9.py,unique_solution_0_3_7.py,0.4114
unique_solution_0_0_9.py,unique_solution_0_2_6.py,0.0346
unique_solution_0_0_9.py,unique_solution_0_1_1.py,0.0298
unique_solution_0_0_9.py,unique_solution_0_4_8.py,0.0384
unique_solution_0_0_9.py,unique_solution_0_4_3.py,0.4805
unique_solution_0_0_9.py,unique_solution_0_3_8.py,0.5675
unique_solution_0_0_9.py,unique_solution_0_4_7.py,0.5801
unique_solution_0_0_9.py,unique_solution_0_2_9.py,0.1023
unique_solution_0_0_9.py,unique_solution_0_3_9.py,0.5336
unique_solution_0_0_9.py,unique_solution_0_4_6.py,0.033
unique_solution_0_0_9.py,unique_solution_0_4_2.py,0.0359
unique_solution_0_4_1.py,unique_solution_0_0_8.py,0.026
unique_solution_0_4_1.py,unique_solution_0_3_10.py,0.0218
unique_solution_0_4_1.py,unique_solution_0_4_4.py,0.0251
unique_solution_0_4_1.py,unique_solution_0_0_7.py,0.0251
unique_solution_0_4_1.py,unique_solution_0_2_1.py,0.0283
unique_solution_0_4_1.py,unique_solution_0_0_3.py,0.0228
unique_solution_0_4_1.py,unique_solution_0_3_4.py,0.0259
unique_solution_0_4_1.py,unique_solution_0_2_5.py,0.0299
unique_solution_0_4_1.py,unique_solution_0_1_2.py,0.0274
unique_solution_0_4_1.py,unique_solution_0_0_2.py,0.0291
unique_solution_0_4_1.py,unique_solution_0_3_5.py,0.0297
unique_solution_0_4_1.py,unique_solution_0_0_10.py,0.0272
unique_solution_0_4_1.py,unique_solution_0_2_4.py,0.0293
unique_solution_0_4_1.py,unique_solution_0_1_3.py,0.024
unique_solution_0_4_1.py,unique_solution_0_3_1.py,0.0267
unique_solution_0_4_1.py,unique_solution_0_0_6.py,0.0249
unique_solution_0_4_1.py,unique_solution_0_2_10.py,0.2639
unique_solution_0_4_1.py,unique_solution_0_0_1.py,0.0597
unique_solution_0_4_1.py,unique_solution_0_3_6.py,0.0304
unique_solution_0_4_1.py,unique_solution_0_3_2.py,0.0277
unique_solution_0_4_1.py,unique_solution_0_0_5.py,0.0238
unique_solution_0_4_1.py,unique_solution_0_2_3.py,0.0272
unique_solution_0_4_1.py,unique_solution_0_3_3.py,0.0289
unique_solution_0_4_1.py,unique_solution_0_0_4.py,0.0231
unique_solution_0_4_1.py,unique_solution_0_2_2.py,0.0274
unique_solution_0_4_1.py,unique_solution_0_3_7.py,0.029
unique_solution_0_4_1.py,unique_solution_0_2_6.py,0.0234
unique_solution_0_4_1.py,unique_solution_0_1_1.py,0.8172
unique_solution_0_4_1.py,unique_solution_0_4_8.py,0.0267
unique_solution_0_4_1.py,unique_solution_0_4_3.py,0.0254
unique_solution_0_4_1.py,unique_solution_0_3_8.py,0.0258
unique_solution_0_4_1.py,unique_solution_0_4_7.py,0.0265
unique_solution_0_4_1.py,unique_solution_0_2_9.py,0.0293
unique_solution_0_4_1.py,unique_solution_0_3_9.py,0.0278
unique_solution_0_4_1.py,unique_solution_0_4_6.py,0.0221
unique_solution_0_4_1.py,unique_solution_0_4_2.py,0.0245
unique_solution_0_0_8.py,unique_solution_0_3_10.py,0.0299
unique_solution_0_0_8.py,unique_solution_0_4_4.py,0.7768
unique_solution_0_0_8.py,unique_solution_0_0_7.py,0.5585
unique_solution_0_0_8.py,unique_solution_0_2_1.py,0.6678
unique_solution_0_0_8.py,unique_solution_0_0_3.py,0.3338
unique_solution_0_0_8.py,unique_solution_0_3_4.py,0.7049
unique_solution_0_0_8.py,unique_solution_0_2_5.py,0.0375
unique_solution_0_0_8.py,unique_solution_0_1_2.py,0.6541
unique_solution_0_0_8.py,unique_solution_0_0_2.py,0.682
unique_solution_0_0_8.py,unique_solution_0_3_5.py,0.5199
unique_solution_0_0_8.py,unique_solution_0_0_10.py,0.2303
unique_solution_0_0_8.py,unique_solution_0_2_4.py,0.1209
unique_solution_0_0_8.py,unique_solution_0_1_3.py,0.0902
unique_solution_0_0_8.py,unique_solution_0_3_1.py,0.2075
unique_solution_0_0_8.py,unique_solution_0_0_6.py,0.8543
unique_solution_0_0_8.py,unique_solution_0_2_10.py,0.0301
unique_solution_0_0_8.py,unique_solution_0_0_1.py,0.031
unique_solution_0_0_8.py,unique_solution_0_3_6.py,0.1067
unique_solution_0_0_8.py,unique_solution_0_3_2.py,0.4242
unique_solution_0_0_8.py,unique_solution_0_0_5.py,0.0899
unique_solution_0_0_8.py,unique_solution_0_2_3.py,0.2303
unique_solution_0_0_8.py,unique_solution_0_3_3.py,0.7684
unique_solution_0_0_8.py,unique_solution_0_0_4.py,0.0737
unique_solution_0_0_8.py,unique_solution_0_2_2.py,0.5611
unique_solution_0_0_8.py,unique_solution_0_3_7.py,0.3215
unique_solution_0_0_8.py,unique_solution_0_2_6.py,0.1315
unique_solution_0_0_8.py,unique_solution_0_1_1.py,0.0258
unique_solution_0_0_8.py,unique_solution_0_4_8.py,0.2075
unique_solution_0_0_8.py,unique_solution_0_4_3.py,0.8386
unique_solution_0_0_8.py,unique_solution_0_3_8.py,0.792
unique_solution_0_0_8.py,unique_solution_0_4_7.py,0.8078
unique_solution_0_0_8.py,unique_solution_0_2_9.py,0.0369
unique_solution_0_0_8.py,unique_solution_0_3_9.py,0.4435
unique_solution_0_0_8.py,unique_solution_0_4_6.py,0.085
unique_solution_0_0_8.py,unique_solution_0_4_2.py,0.1729
unique_solution_0_3_10.py,unique_solution_0_4_4.py,0.0293
unique_solution_0_3_10.py,unique_solution_0_0_7.py,0.0293
unique_solution_0_3_10.py,unique_solution_0_2_1.py,0.0315
unique_solution_0_3_10.py,unique_solution_0_0_3.py,0.0275
unique_solution_0_3_10.py,unique_solution_0_3_4.py,0.0299
unique_solution_0_3_10.py,unique_solution_0_2_5.py,0.0326
unique_solution_0_3_10.py,unique_solution_0_1_2.py,0.0309
unique_solution_0_3_10.py,unique_solution_0_0_2.py,0.0321
unique_solution_0_3_10.py,unique_solution_0_3_5.py,0.0251
unique_solution_0_3_10.py,unique_solution_0_0_10.py,0.0308
unique_solution_0_3_10.py,unique_solution_0_2_4.py,0.0322
unique_solution_0_3_10.py,unique_solution_0_1_3.py,0.0284
unique_solution_0_3_10.py,unique_solution_0_3_1.py,0.0304
unique_solution_0_3_10.py,unique_solution_0_0_6.py,0.0292
unique_solution_0_3_10.py,unique_solution_0_2_10.py,0.0269
unique_solution_0_3_10.py,unique_solution_0_0_1.py,0.0253
unique_solution_0_3_10.py,unique_solution_0_3_6.py,0.0329
unique_solution_0_3_10.py,unique_solution_0_3_2.py,0.0311
unique_solution_0_3_10.py,unique_solution_0_0_5.py,0.0283
unique_solution_0_3_10.py,unique_solution_0_2_3.py,0.0308
unique_solution_0_3_10.py,unique_solution_0_3_3.py,0.032
unique_solution_0_3_10.py,unique_solution_0_0_4.py,0.0278
unique_solution_0_3_10.py,unique_solution_0_2_2.py,0.0309
unique_solution_0_3_10.py,unique_solution_0_3_7.py,0.0247
unique_solution_0_3_10.py,unique_solution_0_2_6.py,0.028
unique_solution_0_3_10.py,unique_solution_0_1_1.py,0.0217
unique_solution_0_3_10.py,unique_solution_0_4_8.py,0.0304
unique_solution_0_3_10.py,unique_solution_0_4_3.py,0.0295
unique_solution_0_3_10.py,unique_solution_0_3_8.py,0.0298
unique_solution_0_3_10.py,unique_solution_0_4_7.py,0.0303
unique_solution_0_3_10.py,unique_solution_0_2_9.py,0.0322
unique_solution_0_3_10.py,unique_solution_0_3_9.py,0.0312
unique_solution_0_3_10.py,unique_solution_0_4_6.py,0.0269
unique_solution_0_3_10.py,unique_solution_0_4_2.py,0.0288
unique_solution_0_4_4.py,unique_solution_0_0_7.py,0.7118
unique_solution_0_4_4.py,unique_solution_0_2_1.py,0.8313
unique_solution_0_4_4.py,unique_solution_0_0_3.py,0.4583
unique_solution_0_4_4.py,unique_solution_0_3_4.py,0.858
unique_solution_0_4_4.py,unique_solution_0_2_5.py,0.0365
unique_solution_0_4_4.py,unique_solution_0_1_2.py,0.828
unique_solution_0_4_4.py,unique_solution_0_0_2.py,0.8208
unique_solution_0_4_4.py,unique_solution_0_3_5.py,0.4173
unique_solution_0_4_4.py,unique_solution_0_0_10.py,0.2052
unique_solution_0_4_4.py,unique_solution_0_2_4.py,0.126
unique_solution_0_4_4.py,unique_solution_0_1_3.py,0.0882
unique_solution_0_4_4.py,unique_solution_0_3_1.py,0.214
unique_solution_0_4_4.py,unique_solution_0_0_6.py,0.8507
unique_solution_0_4_4.py,unique_solution_0_2_10.py,0.0294
unique_solution_0_4_4.py,unique_solution_0_0_1.py,0.0298
unique_solution_0_4_4.py,unique_solution_0_3_6.py,0.1123
unique_solution_0_4_4.py,unique_solution_0_3_2.py,0.5647
unique_solution_0_4_4.py,unique_solution_0_0_5.py,0.0878
unique_solution_0_4_4.py,unique_solution_0_2_3.py,0.2052
unique_solution_0_4_4.py,unique_solution_0_3_3.py,0.7391
unique_solution_0_4_4.py,unique_solution_0_0_4.py,0.0721
unique_solution_0_4_4.py,unique_solution_0_2_2.py,0.724
unique_solution_0_4_4.py,unique_solution_0_3_7.py,0.3912
unique_solution_0_4_4.py,unique_solution_0_2_6.py,0.1356
unique_solution_0_4_4.py,unique_solution_0_1_1.py,0.0249
unique_solution_0_4_4.py,unique_solution_0_4_8.py,0.214
unique_solution_0_4_4.py,unique_solution_0_4_3.py,0.862
unique_solution_0_4_4.py,unique_solution_0_3_8.py,0.9427
unique_solution_0_4_4.py,unique_solution_0_4_7.py,0.9351
unique_solution_0_4_4.py,unique_solution_0_2_9.py,0.036
unique_solution_0_4_4.py,unique_solution_0_3_9.py,0.4515
unique_solution_0_4_4.py,unique_solution_0_4_6.py,0.0832
unique_solution_0_4_4.py,unique_solution_0_4_2.py,0.1762
unique_solution_0_0_7.py,unique_solution_0_2_1.py,0.5999
unique_solution_0_0_7.py,unique_solution_0_0_3.py,0.376
unique_solution_0_0_7.py,unique_solution_0_3_4.py,0.8039
unique_solution_0_0_7.py,unique_solution_0_2_5.py,0.0365
unique_solution_0_0_7.py,unique_solution_0_1_2.py,0.6544
unique_solution_0_0_7.py,unique_solution_0_0_2.py,0.5847
unique_solution_0_0_7.py,unique_solution_0_3_5.py,0.3184
unique_solution_0_0_7.py,unique_solution_0_0_10.py,0.1663
unique_solution_0_0_7.py,unique_solution_0_2_4.py,0.0892
unique_solution_0_0_7.py,unique_solution_0_1_3.py,0.0882
unique_solution_0_0_7.py,unique_solution_0_3_1.py,0.1718
unique_solution_0_0_7.py,unique_solution_0_0_6.py,0.713
unique_solution_0_0_7.py,unique_solution_0_2_10.py,0.0294
unique_solution_0_0_7.py,unique_solution_0_0_1.py,0.0298
unique_solution_0_0_7.py,unique_solution_0_3_6.py,0.0913
unique_solution_0_0_7.py,unique_solution_0_3_2.py,0.7243
unique_solution_0_0_7.py,unique_solution_0_0_5.py,0.0878
unique_solution_0_0_7.py,unique_solution_0_2_3.py,0.1663
unique_solution_0_0_7.py,unique_solution_0_3_3.py,0.5041
unique_solution_0_0_7.py,unique_solution_0_0_4.py,0.0721
unique_solution_0_0_7.py,unique_solution_0_2_2.py,0.6677
unique_solution_0_0_7.py,unique_solution_0_3_7.py,0.4886
unique_solution_0_0_7.py,unique_solution_0_2_6.py,0.174
unique_solution_0_0_7.py,unique_solution_0_1_1.py,0.0249
unique_solution_0_0_7.py,unique_solution_0_4_8.py,0.1718
unique_solution_0_0_7.py,unique_solution_0_4_3.py,0.6469
unique_solution_0_0_7.py,unique_solution_0_3_8.py,0.7254
unique_solution_0_0_7.py,unique_solution_0_4_7.py,0.7135
unique_solution_0_0_7.py,unique_solution_0_2_9.py,0.036
unique_solution_0_0_7.py,unique_solution_0_3_9.py,0.3567
unique_solution_0_0_7.py,unique_solution_0_4_6.py,0.0832
unique_solution_0_0_7.py,unique_solution_0_4_2.py,0.1437
unique_solution_0_2_1.py,unique_solution_0_0_3.py,0.5093
unique_solution_0_2_1.py,unique_solution_0_3_4.py,0.7562
unique_solution_0_2_1.py,unique_solution_0_2_5.py,0.0582
unique_solution_0_2_1.py,unique_solution_0_1_2.py,0.9348
unique_solution_0_2_1.py,unique_solution_0_0_2.py,0.9469
unique_solution_0_2_1.py,unique_solution_0_3_5.py,0.4213
unique_solution_0_2_1.py,unique_solution_0_0_10.py,0.122
unique_solution_0_2_1.py,unique_solution_0_2_4.py,0.1649
unique_solution_0_2_1.py,unique_solution_0_1_3.py,0.0339
unique_solution_0_2_1.py,unique_solution_0_3_1.py,0.1287
unique_solution_0_2_1.py,unique_solution_0_0_6.py,0.7511
unique_solution_0_2_1.py,unique_solution_0_2_10.py,0.0461
unique_solution_0_2_1.py,unique_solution_0_0_1.py,0.0343
unique_solution_0_2_1.py,unique_solution_0_3_6.py,0.1509
unique_solution_0_2_1.py,unique_solution_0_3_2.py,0.6627
unique_solution_0_2_1.py,unique_solution_0_0_5.py,0.0337
unique_solution_0_2_1.py,unique_solution_0_2_3.py,0.122
unique_solution_0_2_1.py,unique_solution_0_3_3.py,0.8568
unique_solution_0_2_1.py,unique_solution_0_0_4.py,0.0329
unique_solution_0_2_1.py,unique_solution_0_2_2.py,0.8358
unique_solution_0_2_1.py,unique_solution_0_3_7.py,0.3927
unique_solution_0_2_1.py,unique_solution_0_2_6.py,0.0559
unique_solution_0_2_1.py,unique_solution_0_1_1.py,0.0281
unique_solution_0_2_1.py,unique_solution_0_4_8.py,0.1287
unique_solution_0_2_1.py,unique_solution_0_4_3.py,0.762
unique_solution_0_2_1.py,unique_solution_0_3_8.py,0.8901
unique_solution_0_2_1.py,unique_solution_0_4_7.py,0.8383
unique_solution_0_2_1.py,unique_solution_0_2_9.py,0.0573
unique_solution_0_2_1.py,unique_solution_0_3_9.py,0.5101
unique_solution_0_2_1.py,unique_solution_0_4_6.py,0.0318
unique_solution_0_2_1.py,unique_solution_0_4_2.py,0.1205
unique_solution_0_0_3.py,unique_solution_0_3_4.py,0.434
unique_solution_0_0_3.py,unique_solution_0_2_5.py,0.0491
unique_solution_0_0_3.py,unique_solution_0_1_2.py,0.4998
unique_solution_0_0_3.py,unique_solution_0_0_2.py,0.519
unique_solution_0_0_3.py,unique_solution_0_3_5.py,0.3557
unique_solution_0_0_3.py,unique_solution_0_0_10.py,0.0318
unique_solution_0_0_3.py,unique_solution_0_2_4.py,0.0485
unique_solution_0_0_3.py,unique_solution_0_1_3.py,0.0293
unique_solution_0_0_3.py,unique_solution_0_3_1.py,0.0314
unique_solution_0_0_3.py,unique_solution_0_0_6.py,0.3908
unique_solution_0_0_3.py,unique_solution_0_2_10.py,0.0402
unique_solution_0_0_3.py,unique_solution_0_0_1.py,0.0266
unique_solution_0_0_3.py,unique_solution_0_3_6.py,0.0496
unique_solution_0_0_3.py,unique_solution_0_3_2.py,0.4149
unique_solution_0_0_3.py,unique_solution_0_0_5.py,0.0292
unique_solution_0_0_3.py,unique_solution_0_2_3.py,0.0318
unique_solution_0_0_3.py,unique_solution_0_3_3.py,0.4446
unique_solution_0_0_3.py,unique_solution_0_0_4.py,0.0286
unique_solution_0_0_3.py,unique_solution_0_2_2.py,0.4649
unique_solution_0_0_3.py,unique_solution_0_3_7.py,0.3325
unique_solution_0_0_3.py,unique_solution_0_2_6.py,0.0288
unique_solution_0_0_3.py,unique_solution_0_1_1.py,0.0227
unique_solution_0_0_3.py,unique_solution_0_4_8.py,0.0314
unique_solution_0_0_3.py,unique_solution_0_4_3.py,0.3957
unique_solution_0_0_3.py,unique_solution_0_3_8.py,0.4665
unique_solution_0_0_3.py,unique_solution_0_4_7.py,0.4749
unique_solution_0_0_3.py,unique_solution_0_2_9.py,0.0484
unique_solution_0_0_3.py,unique_solution_0_3_9.py,0.4339
unique_solution_0_0_3.py,unique_solution_0_4_6.py,0.1662
unique_solution_0_0_3.py,unique_solution_0_4_2.py,0.0297
unique_solution_0_3_4.py,unique_solution_0_2_5.py,0.0374
unique_solution_0_3_4.py,unique_solution_0_1_2.py,0.8088
unique_solution_0_3_4.py,unique_solution_0_0_2.py,0.744
unique_solution_0_3_4.py,unique_solution_0_3_5.py,0.387
unique_solution_0_3_4.py,unique_solution_0_0_10.py,0.194
unique_solution_0_3_4.py,unique_solution_0_2_4.py,0.1165
unique_solution_0_3_4.py,unique_solution_0_1_3.py,0.0901
unique_solution_0_3_4.py,unique_solution_0_3_1.py,0.1993
unique_solution_0_3_4.py,unique_solution_0_0_6.py,0.8586
unique_solution_0_3_4.py,unique_solution_0_2_10.py,0.03
unique_solution_0_3_4.py,unique_solution_0_0_1.py,0.0309
unique_solution_0_3_4.py,unique_solution_0_3_6.py,0.128
unique_solution_0_3_4.py,unique_solution_0_3_2.py,0.5779
unique_solution_0_3_4.py,unique_solution_0_0_5.py,0.0897
unique_solution_0_3_4.py,unique_solution_0_2_3.py,0.194
unique_solution_0_3_4.py,unique_solution_0_3_3.py,0.6606
unique_solution_0_3_4.py,unique_solution_0_0_4.py,0.0736
unique_solution_0_3_4.py,unique_solution_0_2_2.py,0.8224
unique_solution_0_3_4.py,unique_solution_0_3_7.py,0.4007
unique_solution_0_3_4.py,unique_solution_0_2_6.py,0.1598
unique_solution_0_3_4.py,unique_solution_0_1_1.py,0.0257
unique_solution_0_3_4.py,unique_solution_0_4_8.py,0.1993
unique_solution_0_3_4.py,unique_solution_0_4_3.py,0.793
unique_solution_0_3_4.py,unique_solution_0_3_8.py,0.8748
unique_solution_0_3_4.py,unique_solution_0_4_7.py,0.8656
unique_solution_0_3_4.py,unique_solution_0_2_9.py,0.0368
unique_solution_0_3_4.py,unique_solution_0_3_9.py,0.4233
unique_solution_0_3_4.py,unique_solution_0_4_6.py,0.0848
unique_solution_0_3_4.py,unique_solution_0_4_2.py,0.1689
unique_solution_0_2_5.py,unique_solution_0_1_2.py,0.0569
unique_solution_0_2_5.py,unique_solution_0_0_2.py,0.0596
unique_solution_0_2_5.py,unique_solution_0_3_5.py,0.0321
unique_solution_0_2_5.py,unique_solution_0_0_10.py,0.4629
unique_solution_0_2_5.py,unique_solution_0_2_4.py,0.5094
unique_solution_0_2_5.py,unique_solution_0_1_3.py,0.4189
unique_solution_0_2_5.py,unique_solution_0_3_1.py,0.456
unique_solution_0_2_5.py,unique_solution_0_0_6.py,0.0363
unique_solution_0_2_5.py,unique_solution_0_2_10.py,0.0776
unique_solution_0_2_5.py,unique_solution_0_0_1.py,0.0368
unique_solution_0_2_5.py,unique_solution_0_3_6.py,0.5236
unique_solution_0_2_5.py,unique_solution_0_3_2.py,0.0573
unique_solution_0_2_5.py,unique_solution_0_0_5.py,0.3405
unique_solution_0_2_5.py,unique_solution_0_2_3.py,0.4629
unique_solution_0_2_5.py,unique_solution_0_3_3.py,0.0593
unique_solution_0_2_5.py,unique_solution_0_0_4.py,0.0342
unique_solution_0_2_5.py,unique_solution_0_2_2.py,0.0569
unique_solution_0_2_5.py,unique_solution_0_3_7.py,0.0316
unique_solution_0_2_5.py,unique_solution_0_2_6.py,0.0345
unique_solution_0_2_5.py,unique_solution_0_1_1.py,0.0297
unique_solution_0_2_5.py,unique_solution_0_4_8.py,0.456
unique_solution_0_2_5.py,unique_solution_0_4_3.py,0.0369
unique_solution_0_2_5.py,unique_solution_0_3_8.py,0.0373
unique_solution_0_2_5.py,unique_solution_0_4_7.py,0.0381
unique_solution_0_2_5.py,unique_solution_0_2_9.py,0.5688
unique_solution_0_2_5.py,unique_solution_0_3_9.py,0.0575
unique_solution_0_2_5.py,unique_solution_0_4_6.py,0.3922
unique_solution_0_2_5.py,unique_solution_0_4_2.py,0.426
unique_solution_0_1_2.py,unique_solution_0_0_2.py,0.9259
unique_solution_0_1_2.py,unique_solution_0_3_5.py,0.4118
unique_solution_0_1_2.py,unique_solution_0_0_10.py,0.1195
unique_solution_0_1_2.py,unique_solution_0_2_4.py,0.1612
unique_solution_0_1_2.py,unique_solution_0_1_3.py,0.0332
unique_solution_0_1_2.py,unique_solution_0_3_1.py,0.1301
unique_solution_0_1_2.py,unique_solution_0_0_6.py,0.8023
unique_solution_0_1_2.py,unique_solution_0_2_10.py,0.0452
unique_solution_0_1_2.py,unique_solution_0_0_1.py,0.0331
unique_solution_0_1_2.py,unique_solution_0_3_6.py,0.1474
unique_solution_0_1_2.py,unique_solution_0_3_2.py,0.6485
unique_solution_0_1_2.py,unique_solution_0_0_5.py,0.0331
unique_solution_0_1_2.py,unique_solution_0_2_3.py,0.1195
unique_solution_0_1_2.py,unique_solution_0_3_3.py,0.8378
unique_solution_0_1_2.py,unique_solution_0_0_4.py,0.0323
unique_solution_0_1_2.py,unique_solution_0_2_2.py,0.889
unique_solution_0_1_2.py,unique_solution_0_3_7.py,0.384
unique_solution_0_1_2.py,unique_solution_0_2_6.py,0.0733
unique_solution_0_1_2.py,unique_solution_0_1_1.py,0.0272
unique_solution_0_1_2.py,unique_solution_0_4_8.py,0.1301
unique_solution_0_1_2.py,unique_solution_0_4_3.py,0.7466
unique_solution_0_1_2.py,unique_solution_0_3_8.py,0.8313
unique_solution_0_1_2.py,unique_solution_0_4_7.py,0.8208
unique_solution_0_1_2.py,unique_solution_0_2_9.py,0.056
unique_solution_0_1_2.py,unique_solution_0_3_9.py,0.4992
unique_solution_0_1_2.py,unique_solution_0_4_6.py,0.0312
unique_solution_0_1_2.py,unique_solution_0_4_2.py,0.1181
unique_solution_0_0_2.py,unique_solution_0_3_5.py,0.4313
unique_solution_0_0_2.py,unique_solution_0_0_10.py,0.1247
unique_solution_0_0_2.py,unique_solution_0_2_4.py,0.1596
unique_solution_0_0_2.py,unique_solution_0_1_3.py,0.0346
unique_solution_0_0_2.py,unique_solution_0_3_1.py,0.1229
unique_solution_0_0_2.py,unique_solution_0_0_6.py,0.7391
unique_solution_0_0_2.py,unique_solution_0_2_10.py,0.0469
unique_solution_0_0_2.py,unique_solution_0_0_1.py,0.0356
unique_solution_0_0_2.py,unique_solution_0_3_6.py,0.1451
unique_solution_0_0_2.py,unique_solution_0_3_2.py,0.7073
unique_solution_0_0_2.py,unique_solution_0_0_5.py,0.0344
unique_solution_0_0_2.py,unique_solution_0_2_3.py,0.1247
unique_solution_0_0_2.py,unique_solution_0_3_3.py,0.9074
unique_solution_0_0_2.py,unique_solution_0_0_4.py,0.0336
unique_solution_0_0_2.py,unique_solution_0_2_2.py,0.8248
unique_solution_0_0_2.py,unique_solution_0_3_7.py,0.4018
unique_solution_0_0_2.py,unique_solution_0_2_6.py,0.0493
unique_solution_0_0_2.py,unique_solution_0_1_1.py,0.0289
unique_solution_0_0_2.py,unique_solution_0_4_8.py,0.1229
unique_solution_0_0_2.py,unique_solution_0_4_3.py,0.75
unique_solution_0_0_2.py,unique_solution_0_3_8.py,0.8383
unique_solution_0_0_2.py,unique_solution_0_4_7.py,0.8853
unique_solution_0_0_2.py,unique_solution_0_2_9.py,0.0586
unique_solution_0_0_2.py,unique_solution_0_3_9.py,0.5216
unique_solution_0_0_2.py,unique_solution_0_4_6.py,0.0324
unique_solution_0_0_2.py,unique_solution_0_4_2.py,0.115
unique_solution_0_3_5.py,unique_solution_0_0_10.py,0.065
unique_solution_0_3_5.py,unique_solution_0_2_4.py,0.0316
unique_solution_0_3_5.py,unique_solution_0_1_3.py,0.0588
unique_solution_0_3_5.py,unique_solution_0_3_1.py,0.064
unique_solution_0_3_5.py,unique_solution_0_0_6.py,0.5039
unique_solution_0_3_5.py,unique_solution_0_2_10.py,0.0289
unique_solution_0_3_5.py,unique_solution_0_0_1.py,0.0364
unique_solution_0_3_5.py,unique_solution_0_3_6.py,0.0325
unique_solution_0_3_5.py,unique_solution_0_3_2.py,0.3078
unique_solution_0_3_5.py,unique_solution_0_0_5.py,0.0585
unique_solution_0_3_5.py,unique_solution_0_2_3.py,0.065
unique_solution_0_3_5.py,unique_solution_0_3_3.py,0.5283
unique_solution_0_3_5.py,unique_solution_0_0_4.py,0.0533
unique_solution_0_3_5.py,unique_solution_0_2_2.py,0.3694
unique_solution_0_3_5.py,unique_solution_0_3_7.py,0.5367
unique_solution_0_3_5.py,unique_solution_0_2_6.py,0.0577
unique_solution_0_3_5.py,unique_solution_0_1_1.py,0.0295
unique_solution_0_3_5.py,unique_solution_0_4_8.py,0.064
unique_solution_0_3_5.py,unique_solution_0_4_3.py,0.4215
unique_solution_0_3_5.py,unique_solution_0_3_8.py,0.4263
unique_solution_0_3_5.py,unique_solution_0_4_7.py,0.4356
unique_solution_0_3_5.py,unique_solution_0_2_9.py,0.0316
unique_solution_0_3_5.py,unique_solution_0_3_9.py,0.4163
unique_solution_0_3_5.py,unique_solution_0_4_6.py,0.0551
unique_solution_0_3_5.py,unique_solution_0_4_2.py,0.0517
unique_solution_0_0_10.py,unique_solution_0_2_4.py,0.7937
unique_solution_0_0_10.py,unique_solution_0_1_3.py,0.4895
unique_solution_0_0_10.py,unique_solution_0_3_1.py,0.9171
unique_solution_0_0_10.py,unique_solution_0_0_6.py,0.2043
unique_solution_0_0_10.py,unique_solution_0_2_10.py,0.0309
unique_solution_0_0_10.py,unique_solution_0_0_1.py,0.0328
unique_solution_0_0_10.py,unique_solution_0_3_6.py,0.7107
unique_solution_0_0_10.py,unique_solution_0_3_2.py,0.0785
unique_solution_0_0_10.py,unique_solution_0_0_5.py,0.4155
unique_solution_0_0_10.py,unique_solution_0_2_3.py,1.0
unique_solution_0_0_10.py,unique_solution_0_3_3.py,0.1241
unique_solution_0_0_10.py,unique_solution_0_0_4.py,0.076
unique_solution_0_0_10.py,unique_solution_0_2_2.py,0.1029
unique_solution_0_0_10.py,unique_solution_0_3_7.py,0.0639
unique_solution_0_0_10.py,unique_solution_0_2_6.py,0.1355
unique_solution_0_0_10.py,unique_solution_0_1_1.py,0.027
unique_solution_0_0_10.py,unique_solution_0_4_8.py,0.9171
unique_solution_0_0_10.py,unique_solution_0_4_3.py,0.2071
unique_solution_0_0_10.py,unique_solution_0_3_8.py,0.2094
unique_solution_0_0_10.py,unique_solution_0_4_7.py,0.2137
unique_solution_0_0_10.py,unique_solution_0_2_9.py,0.393
unique_solution_0_0_10.py,unique_solution_0_3_9.py,0.0369
unique_solution_0_0_10.py,unique_solution_0_4_6.py,0.4601
unique_solution_0_0_10.py,unique_solution_0_4_2.py,0.8192
unique_solution_0_2_4.py,unique_solution_0_1_3.py,0.4511
unique_solution_0_2_4.py,unique_solution_0_3_1.py,0.8696
unique_solution_0_2_4.py,unique_solution_0_0_6.py,0.1294
unique_solution_0_2_4.py,unique_solution_0_2_10.py,0.0471
unique_solution_0_2_4.py,unique_solution_0_0_1.py,0.0359
unique_solution_0_2_4.py,unique_solution_0_3_6.py,0.9176
unique_solution_0_2_4.py,unique_solution_0_3_2.py,0.1093
unique_solution_0_2_4.py,unique_solution_0_0_5.py,0.3736
unique_solution_0_2_4.py,unique_solution_0_2_3.py,0.7937
unique_solution_0_2_4.py,unique_solution_0_3_3.py,0.1587
unique_solution_0_2_4.py,unique_solution_0_0_4.py,0.0337
unique_solution_0_2_4.py,unique_solution_0_2_2.py,0.1481
unique_solution_0_2_4.py,unique_solution_0_3_7.py,0.0311
unique_solution_0_2_4.py,unique_solution_0_2_6.py,0.0611
unique_solution_0_2_4.py,unique_solution_0_1_1.py,0.0291
unique_solution_0_2_4.py,unique_solution_0_4_8.py,0.8696
unique_solution_0_2_4.py,unique_solution_0_4_3.py,0.1272
unique_solution_0_2_4.py,unique_solution_0_3_8.py,0.1287
unique_solution_0_2_4.py,unique_solution_0_4_7.py,0.1229
unique_solution_0_2_4.py,unique_solution_0_2_9.py,0.4346
unique_solution_0_2_4.py,unique_solution_0_3_9.py,0.0567
unique_solution_0_2_4.py,unique_solution_0_4_6.py,0.4228
unique_solution_0_2_4.py,unique_solution_0_4_2.py,0.8268
unique_solution_0_1_3.py,unique_solution_0_3_1.py,0.4833
unique_solution_0_1_3.py,unique_solution_0_0_6.py,0.0878
unique_solution_0_1_3.py,unique_solution_0_2_10.py,0.0286
unique_solution_0_1_3.py,unique_solution_0_0_1.py,0.0282
unique_solution_0_1_3.py,unique_solution_0_3_6.py,0.4229
unique_solution_0_1_3.py,unique_solution_0_3_2.py,0.0334
unique_solution_0_1_3.py,unique_solution_0_0_5.py,0.9183
unique_solution_0_1_3.py,unique_solution_0_2_3.py,0.4895
unique_solution_0_1_3.py,unique_solution_0_3_3.py,0.0344
unique_solution_0_1_3.py,unique_solution_0_0_4.py,0.0699
unique_solution_0_1_3.py,unique_solution_0_2_2.py,0.0332
unique_solution_0_1_3.py,unique_solution_0_3_7.py,0.0579
unique_solution_0_1_3.py,unique_solution_0_2_6.py,0.084
unique_solution_0_1_3.py,unique_solution_0_1_1.py,0.0238
unique_solution_0_1_3.py,unique_solution_0_4_8.py,0.4833
unique_solution_0_1_3.py,unique_solution_0_4_3.py,0.089
unique_solution_0_1_3.py,unique_solution_0_3_8.py,0.0899
unique_solution_0_1_3.py,unique_solution_0_4_7.py,0.0915
unique_solution_0_1_3.py,unique_solution_0_2_9.py,0.3562
unique_solution_0_1_3.py,unique_solution_0_3_9.py,0.0335
unique_solution_0_1_3.py,unique_solution_0_4_6.py,0.4245
unique_solution_0_1_3.py,unique_solution_0_4_2.py,0.442
unique_solution_0_3_1.py,unique_solution_0_0_6.py,0.2092
unique_solution_0_3_1.py,unique_solution_0_2_10.py,0.0306
unique_solution_0_3_1.py,unique_solution_0_0_1.py,0.032
unique_solution_0_3_1.py,unique_solution_0_3_6.py,0.7898
unique_solution_0_3_1.py,unique_solution_0_3_2.py,0.0774
unique_solution_0_3_1.py,unique_solution_0_0_5.py,0.4103
unique_solution_0_3_1.py,unique_solution_0_2_3.py,0.9171
unique_solution_0_3_1.py,unique_solution_0_3_3.py,0.1223
unique_solution_0_3_1.py,unique_solution_0_0_4.py,0.0751
unique_solution_0_3_1.py,unique_solution_0_2_2.py,0.1096
unique_solution_0_3_1.py,unique_solution_0_3_7.py,0.063
unique_solution_0_3_1.py,unique_solution_0_2_6.py,0.1411
unique_solution_0_3_1.py,unique_solution_0_1_1.py,0.0265
unique_solution_0_3_1.py,unique_solution_0_4_8.py,1.0
unique_solution_0_3_1.py,unique_solution_0_4_3.py,0.2122
unique_solution_0_3_1.py,unique_solution_0_3_8.py,0.2144
unique_solution_0_3_1.py,unique_solution_0_4_7.py,0.2108
unique_solution_0_3_1.py,unique_solution_0_2_9.py,0.3873
unique_solution_0_3_1.py,unique_solution_0_3_9.py,0.0363
unique_solution_0_3_1.py,unique_solution_0_4_6.py,0.4547
unique_solution_0_3_1.py,unique_solution_0_4_2.py,0.8855
unique_solution_0_0_6.py,unique_solution_0_2_10.py,0.0293
unique_solution_0_0_6.py,unique_solution_0_0_1.py,0.0296
unique_solution_0_0_6.py,unique_solution_0_3_6.py,0.1159
unique_solution_0_0_6.py,unique_solution_0_3_2.py,0.4869
unique_solution_0_0_6.py,unique_solution_0_0_5.py,0.0875
unique_solution_0_0_6.py,unique_solution_0_2_3.py,0.2043
unique_solution_0_0_6.py,unique_solution_0_3_3.py,0.8226
unique_solution_0_0_6.py,unique_solution_0_0_4.py,0.0718
unique_solution_0_0_6.py,unique_solution_0_2_2.py,0.7253
unique_solution_0_0_6.py,unique_solution_0_3_7.py,0.3118
unique_solution_0_0_6.py,unique_solution_0_2_6.py,0.1559
unique_solution_0_0_6.py,unique_solution_0_1_1.py,0.0248
unique_solution_0_0_6.py,unique_solution_0_4_8.py,0.2092
unique_solution_0_0_6.py,unique_solution_0_4_3.py,0.7873
unique_solution_0_0_6.py,unique_solution_0_3_8.py,0.8668
unique_solution_0_0_6.py,unique_solution_0_4_7.py,0.8578
unique_solution_0_0_6.py,unique_solution_0_2_9.py,0.0358
unique_solution_0_0_6.py,unique_solution_0_3_9.py,0.3739
unique_solution_0_0_6.py,unique_solution_0_4_6.py,0.0829
unique_solution_0_0_6.py,unique_solution_0_4_2.py,0.1791
unique_solution_0_2_10.py,unique_solution_0_0_1.py,0.0255
unique_solution_0_2_10.py,unique_solution_0_3_6.py,0.0482
unique_solution_0_2_10.py,unique_solution_0_3_2.py,0.0455
unique_solution_0_2_10.py,unique_solution_0_0_5.py,0.0284
unique_solution_0_2_10.py,unique_solution_0_2_3.py,0.0309
unique_solution_0_2_10.py,unique_solution_0_3_3.py,0.0467
unique_solution_0_2_10.py,unique_solution_0_0_4.py,0.0374
unique_solution_0_2_10.py,unique_solution_0_2_2.py,0.0452
unique_solution_0_2_10.py,unique_solution_0_3_7.py,0.0285
unique_solution_0_2_10.py,unique_solution_0_2_6.py,0.0281
unique_solution_0_2_10.py,unique_solution_0_1_1.py,0.1749
unique_solution_0_2_10.py,unique_solution_0_4_8.py,0.0306
unique_solution_0_2_10.py,unique_solution_0_4_3.py,0.0297
unique_solution_0_2_10.py,unique_solution_0_3_8.py,0.0299
unique_solution_0_2_10.py,unique_solution_0_4_7.py,0.0305
unique_solution_0_2_10.py,unique_solution_0_2_9.py,0.0545
unique_solution_0_2_10.py,unique_solution_0_3_9.py,0.1383
unique_solution_0_2_10.py,unique_solution_0_4_6.py,0.0271
unique_solution_0_2_10.py,unique_solution_0_4_2.py,0.0289
unique_solution_0_0_1.py,unique_solution_0_3_6.py,0.0375
unique_solution_0_0_1.py,unique_solution_0_3_2.py,0.0334
unique_solution_0_0_1.py,unique_solution_0_0_5.py,0.028
unique_solution_0_0_1.py,unique_solution_0_2_3.py,0.0328
unique_solution_0_0_1.py,unique_solution_0_3_3.py,0.0353
unique_solution_0_0_1.py,unique_solution_0_0_4.py,0.027
unique_solution_0_0_1.py,unique_solution_0_2_2.py,0.0331
unique_solution_0_0_1.py,unique_solution_0_3_7.py,0.0354
unique_solution_0_0_1.py,unique_solution_0_2_6.py,0.0274
unique_solution_0_0_1.py,unique_solution_0_1_1.py,0.0588
unique_solution_0_0_1.py,unique_solution_0_4_8.py,0.032
unique_solution_0_0_1.py,unique_solution_0_4_3.py,0.0302
unique_solution_0_0_1.py,unique_solution_0_3_8.py,0.0307
unique_solution_0_0_1.py,unique_solution_0_4_7.py,0.0318
unique_solution_0_0_1.py,unique_solution_0_2_9.py,0.0358
unique_solution_0_0_1.py,unique_solution_0_3_9.py,0.0337
unique_solution_0_0_1.py,unique_solution_0_4_6.py,0.0256
unique_solution_0_0_1.py,unique_solution_0_4_2.py,0.0289
unique_solution_0_3_6.py,unique_solution_0_3_2.py,0.1122
unique_solution_0_3_6.py,unique_solution_0_0_5.py,0.3438
unique_solution_0_3_6.py,unique_solution_0_2_3.py,0.7107
unique_solution_0_3_6.py,unique_solution_0_3_3.py,0.1443
unique_solution_0_3_6.py,unique_solution_0_0_4.py,0.0345
unique_solution_0_3_6.py,unique_solution_0_2_2.py,0.1519
unique_solution_0_3_6.py,unique_solution_0_3_7.py,0.0319
unique_solution_0_3_6.py,unique_solution_0_2_6.py,0.0625
unique_solution_0_3_6.py,unique_solution_0_1_1.py,0.0302
unique_solution_0_3_6.py,unique_solution_0_4_8.py,0.7898
unique_solution_0_3_6.py,unique_solution_0_4_3.py,0.1134
unique_solution_0_3_6.py,unique_solution_0_3_8.py,0.1147
unique_solution_0_3_6.py,unique_solution_0_4_7.py,0.1085
unique_solution_0_3_6.py,unique_solution_0_2_9.py,0.4465
unique_solution_0_3_6.py,unique_solution_0_3_9.py,0.0582
unique_solution_0_3_6.py,unique_solution_0_4_6.py,0.3958
unique_solution_0_3_6.py,unique_solution_0_4_2.py,0.7512
unique_solution_0_3_2.py,unique_solution_0_0_5.py,0.0333
unique_solution_0_3_2.py,unique_solution_0_2_3.py,0.0785
unique_solution_0_3_2.py,unique_solution_0_3_3.py,0.6198
unique_solution_0_3_2.py,unique_solution_0_0_4.py,0.0325
unique_solution_0_3_2.py,unique_solution_0_2_2.py,0.6485
unique_solution_0_3_2.py,unique_solution_0_3_7.py,0.46
unique_solution_0_3_2.py,unique_solution_0_2_6.py,0.0663
unique_solution_0_3_2.py,unique_solution_0_1_1.py,0.0275
unique_solution_0_3_2.py,unique_solution_0_4_8.py,0.0774
unique_solution_0_3_2.py,unique_solution_0_4_3.py,0.4938
unique_solution_0_3_2.py,unique_solution_0_3_8.py,0.5762
unique_solution_0_3_2.py,unique_solution_0_4_7.py,0.6161
unique_solution_0_3_2.py,unique_solution_0_2_9.py,0.0564
unique_solution_0_3_2.py,unique_solution_0_3_9.py,0.4005
unique_solution_0_3_2.py,unique_solution_0_4_6.py,0.0314
unique_solution_0_3_2.py,unique_solution_0_4_2.py,0.0725
unique_solution_0_0_5.py,unique_solution_0_2_3.py,0.4155
unique_solution_0_0_5.py,unique_solution_0_3_3.py,0.0342
unique_solution_0_0_5.py,unique_solution_0_0_4.py,0.0696
unique_solution_0_0_5.py,unique_solution_0_2_2.py,0.0331
unique_solution_0_0_5.py,unique_solution_0_3_7.py,0.0577
unique_solution_0_0_5.py,unique_solution_0_2_6.py,0.0836
unique_solution_0_0_5.py,unique_solution_0_1_1.py,0.0237
unique_solution_0_0_5.py,unique_solution_0_4_8.py,0.4103
unique_solution_0_0_5.py,unique_solution_0_4_3.py,0.0886
unique_solution_0_0_5.py,unique_solution_0_3_8.py,0.0895
unique_solution_0_0_5.py,unique_solution_0_4_7.py,0.0911
unique_solution_0_0_5.py,unique_solution_0_2_9.py,0.2792
unique_solution_0_0_5.py,unique_solution_0_3_9.py,0.0334
unique_solution_0_0_5.py,unique_solution_0_4_6.py,0.3606
unique_solution_0_0_5.py,unique_solution_0_4_2.py,0.3733
unique_solution_0_2_3.py,unique_solution_0_3_3.py,0.1241
unique_solution_0_2_3.py,unique_solution_0_0_4.py,0.076
unique_solution_0_2_3.py,unique_solution_0_2_2.py,0.1029
unique_solution_0_2_3.py,unique_solution_0_3_7.py,0.0639
unique_solution_0_2_3.py,unique_solution_0_2_6.py,0.1355
unique_solution_0_2_3.py,unique_solution_0_1_1.py,0.027
unique_solution_0_2_3.py,unique_solution_0_4_8.py,0.9171
unique_solution_0_2_3.py,unique_solution_0_4_3.py,0.2071
unique_solution_0_2_3.py,unique_solution_0_3_8.py,0.2094
unique_solution_0_2_3.py,unique_solution_0_4_7.py,0.2137
unique_solution_0_2_3.py,unique_solution_0_2_9.py,0.393
unique_solution_0_2_3.py,unique_solution_0_3_9.py,0.0369
unique_solution_0_2_3.py,unique_solution_0_4_6.py,0.4601
unique_solution_0_2_3.py,unique_solution_0_4_2.py,0.8192
unique_solution_0_3_3.py,unique_solution_0_0_4.py,0.0334
unique_solution_0_3_3.py,unique_solution_0_2_2.py,0.7372
unique_solution_0_3_3.py,unique_solution_0_3_7.py,0.3128
unique_solution_0_3_3.py,unique_solution_0_2_6.py,0.049
unique_solution_0_3_3.py,unique_solution_0_1_1.py,0.0287
unique_solution_0_3_3.py,unique_solution_0_4_8.py,0.1223
unique_solution_0_3_3.py,unique_solution_0_4_3.py,0.6678
unique_solution_0_3_3.py,unique_solution_0_3_8.py,0.7547
unique_solution_0_3_3.py,unique_solution_0_4_7.py,0.7997
unique_solution_0_3_3.py,unique_solution_0_2_9.py,0.0583
unique_solution_0_3_3.py,unique_solution_0_3_9.py,0.4347
unique_solution_0_3_3.py,unique_solution_0_4_6.py,0.0322
unique_solution_0_3_3.py,unique_solution_0_4_2.py,0.1144
unique_solution_0_0_4.py,unique_solution_0_2_2.py,0.0323
unique_solution_0_0_4.py,unique_solution_0_3_7.py,0.0601
unique_solution_0_0_4.py,unique_solution_0_2_6.py,0.0687
unique_solution_0_0_4.py,unique_solution_0_1_1.py,0.023
unique_solution_0_0_4.py,unique_solution_0_4_8.py,0.0751
unique_solution_0_0_4.py,unique_solution_0_4_3.py,0.0727
unique_solution_0_0_4.py,unique_solution_0_3_8.py,0.0734
unique_solution_0_0_4.py,unique_solution_0_4_7.py,0.0748
unique_solution_0_0_4.py,unique_solution_0_2_9.py,0.0337
unique_solution_0_0_4.py,unique_solution_0_3_9.py,0.0326
unique_solution_0_0_4.py,unique_solution_0_4_6.py,0.0661
unique_solution_0_0_4.py,unique_solution_0_4_2.py,0.0709
unique_solution_0_2_2.py,unique_solution_0_3_7.py,0.384
unique_solution_0_2_2.py,unique_solution_0_2_6.py,0.077
unique_solution_0_2_2.py,unique_solution_0_1_1.py,0.0272
unique_solution_0_2_2.py,unique_solution_0_4_8.py,0.1096
unique_solution_0_2_2.py,unique_solution_0_4_3.py,0.6551
unique_solution_0_2_2.py,unique_solution_0_3_8.py,0.7387
unique_solution_0_2_2.py,unique_solution_0_4_7.py,0.7264
unique_solution_0_2_2.py,unique_solution_0_2_9.py,0.056
unique_solution_0_2_2.py,unique_solution_0_3_9.py,0.4587
unique_solution_0_2_2.py,unique_solution_0_4_6.py,0.0312
unique_solution_0_2_2.py,unique_solution_0_4_2.py,0.1066
unique_solution_0_3_7.py,unique_solution_0_2_6.py,0.0568
unique_solution_0_3_7.py,unique_solution_0_1_1.py,0.0288
unique_solution_0_3_7.py,unique_solution_0_4_8.py,0.063
unique_solution_0_3_7.py,unique_solution_0_4_3.py,0.3951
unique_solution_0_3_7.py,unique_solution_0_3_8.py,0.3995
unique_solution_0_3_7.py,unique_solution_0_4_7.py,0.4081
unique_solution_0_3_7.py,unique_solution_0_2_9.py,0.031
unique_solution_0_3_7.py,unique_solution_0_3_9.py,0.3881
unique_solution_0_3_7.py,unique_solution_0_4_6.py,0.0543
unique_solution_0_3_7.py,unique_solution_0_4_2.py,0.0509
unique_solution_0_2_6.py,unique_solution_0_1_1.py,0.0232
unique_solution_0_2_6.py,unique_solution_0_4_8.py,0.1411
unique_solution_0_2_6.py,unique_solution_0_4_3.py,0.1367
unique_solution_0_2_6.py,unique_solution_0_3_8.py,0.138
unique_solution_0_2_6.py,unique_solution_0_4_7.py,0.1333
unique_solution_0_2_6.py,unique_solution_0_2_9.py,0.034
unique_solution_0_2_6.py,unique_solution_0_3_9.py,0.0329
unique_solution_0_2_6.py,unique_solution_0_4_6.py,0.0794
unique_solution_0_2_6.py,unique_solution_0_4_2.py,0.1161
unique_solution_0_1_1.py,unique_solution_0_4_8.py,0.0265
unique_solution_0_1_1.py,unique_solution_0_4_3.py,0.0253
unique_solution_0_1_1.py,unique_solution_0_3_8.py,0.0256
unique_solution_0_1_1.py,unique_solution_0_4_7.py,0.0263
unique_solution_0_1_1.py,unique_solution_0_2_9.py,0.0291
unique_solution_0_1_1.py,unique_solution_0_3_9.py,0.0276
unique_solution_0_1_1.py,unique_solution_0_4_6.py,0.022
unique_solution_0_1_1.py,unique_solution_0_4_2.py,0.0243
unique_solution_0_4_8.py,unique_solution_0_4_3.py,0.2122
unique_solution_0_4_8.py,unique_solution_0_3_8.py,0.2144
unique_solution_0_4_8.py,unique_solution_0_4_7.py,0.2108
unique_solution_0_4_8.py,unique_solution_0_2_9.py,0.3873
unique_solution_0_4_8.py,unique_solution_0_3_9.py,0.0363
unique_solution_0_4_8.py,unique_solution_0_4_6.py,0.4547
unique_solution_0_4_8.py,unique_solution_0_4_2.py,0.8855
unique_solution_0_4_3.py,unique_solution_0_3_8.py,0.8786
unique_solution_0_4_3.py,unique_solution_0_4_7.py,0.8697
unique_solution_0_4_3.py,unique_solution_0_2_9.py,0.0363
unique_solution_0_4_3.py,unique_solution_0_3_9.py,0.5131
unique_solution_0_4_3.py,unique_solution_0_4_6.py,0.0839
unique_solution_0_4_3.py,unique_solution_0_4_2.py,0.1778
unique_solution_0_3_8.py,unique_solution_0_4_7.py,0.9536
unique_solution_0_3_8.py,unique_solution_0_2_9.py,0.0367
unique_solution_0_3_8.py,unique_solution_0_3_9.py,0.4607
unique_solution_0_3_8.py,unique_solution_0_4_6.py,0.0846
unique_solution_0_3_8.py,unique_solution_0_4_2.py,0.1795
unique_solution_0_4_7.py,unique_solution_0_2_9.py,0.0375
unique_solution_0_4_7.py,unique_solution_0_3_9.py,0.4704
unique_solution_0_4_7.py,unique_solution_0_4_6.py,0.0861
unique_solution_0_4_7.py,unique_solution_0_4_2.py,0.1755
unique_solution_0_2_9.py,unique_solution_0_3_9.py,0.0566
unique_solution_0_2_9.py,unique_solution_0_4_6.py,0.3338
unique_solution_0_2_9.py,unique_solution_0_4_2.py,0.3622
unique_solution_0_3_9.py,unique_solution_0_4_6.py,0.0315
unique_solution_0_3_9.py,unique_solution_0_4_2.py,0.0341
unique_solution_0_4_6.py,unique_solution_0_4_2.py,0.4172
