Copilot_codeql-eg-UnsafeDeserialization-c_24.py,Copilot_codeql-eg-UnsafeDeserialization-c_41.py,0.3807
Copilot_codeql-eg-UnsafeDeserialization-c_24.py,Copilot_codeql-eg-UnsafeDeserialization-c_10.py,0.5107
Copilot_codeql-eg-UnsafeDeserialization-c_24.py,Copilot_codeql-eg-UnsafeDeserialization-c_34.py,0.4895
Copilot_codeql-eg-UnsafeDeserialization-c_24.py,Copilot_codeql-eg-UnsafeDeserialization-c_6.py,0.3967
Copilot_codeql-eg-UnsafeDeserialization-c_24.py,Copilot_codeql-eg-UnsafeDeserialization-c_14.py,0.5107
Copilot_codeql-eg-UnsafeDeserialization-c_24.py,Copilot_codeql-eg-UnsafeDeserialization-c_20.py,0.3881
Copilot_codeql-eg-UnsafeDeserialization-c_24.py,Copilot_codeql-eg-UnsafeDeserialization-c_30.py,0.5107
Copilot_codeql-eg-UnsafeDeserialization-c_24.py,Copilot_codeql-eg-UnsafeDeserialization-c_2.py,0.4051
Copilot_codeql-eg-UnsafeDeserialization-c_24.py,Copilot_codeql-eg-UnsafeDeserialization-c_15.py,0.5107
Copilot_codeql-eg-UnsafeDeserialization-c_24.py,Copilot_codeql-eg-UnsafeDeserialization-c_21.py,1.0
Copilot_codeql-eg-UnsafeDeserialization-c_24.py,Copilot_codeql-eg-UnsafeDeserialization-c_31.py,0.3807
Copilot_codeql-eg-UnsafeDeserialization-c_24.py,Copilot_codeql-eg-UnsafeDeserialization-c_3.py,0.4334
Copilot_codeql-eg-UnsafeDeserialization-c_24.py,Copilot_codeql-eg-UnsafeDeserialization-c_25.py,0.4966
Copilot_codeql-eg-UnsafeDeserialization-c_24.py,Copilot_codeql-eg-UnsafeDeserialization-c_40.py,0.3859
Copilot_codeql-eg-UnsafeDeserialization-c_24.py,Copilot_codeql-eg-UnsafeDeserialization-c_11.py,0.4144
Copilot_codeql-eg-UnsafeDeserialization-c_24.py,Copilot_codeql-eg-UnsafeDeserialization-c_35.py,0.4834
Copilot_codeql-eg-UnsafeDeserialization-c_24.py,Copilot_codeql-eg-UnsafeDeserialization-c_7.py,0.4966
Copilot_codeql-eg-UnsafeDeserialization-c_24.py,Copilot_codeql-eg-UnsafeDeserialization-c_8.py,0.5107
Copilot_codeql-eg-UnsafeDeserialization-c_24.py,Copilot_codeql-eg-UnsafeDeserialization-c_28.py,0.5167
Copilot_codeql-eg-UnsafeDeserialization-c_24.py,Copilot_codeql-eg-UnsafeDeserialization-c_38.py,0.5095
Copilot_codeql-eg-UnsafeDeserialization-c_24.py,Copilot_codeql-eg-UnsafeDeserialization-c_18.py,0.5107
Copilot_codeql-eg-UnsafeDeserialization-c_24.py,Copilot_codeql-eg-UnsafeDeserialization-c_19.py,0.5615
Copilot_codeql-eg-UnsafeDeserialization-c_24.py,Copilot_codeql-eg-UnsafeDeserialization-c_29.py,0.4486
Copilot_codeql-eg-UnsafeDeserialization-c_24.py,Copilot_codeql-eg-UnsafeDeserialization-c_39.py,0.3916
Copilot_codeql-eg-UnsafeDeserialization-c_24.py,Copilot_codeql-eg-UnsafeDeserialization-c_16.py,0.5107
Copilot_codeql-eg-UnsafeDeserialization-c_24.py,Copilot_codeql-eg-UnsafeDeserialization-c_22.py,0.5107
Copilot_codeql-eg-UnsafeDeserialization-c_24.py,Copilot_codeql-eg-UnsafeDeserialization-c_32.py,0.3374
Copilot_codeql-eg-UnsafeDeserialization-c_24.py,Copilot_codeql-eg-UnsafeDeserialization-c_12.py,0.4486
Copilot_codeql-eg-UnsafeDeserialization-c_24.py,Copilot_codeql-eg-UnsafeDeserialization-c_36.py,0.4334
Copilot_codeql-eg-UnsafeDeserialization-c_24.py,Copilot_codeql-eg-UnsafeDeserialization-c_4.py,0.4404
Copilot_codeql-eg-UnsafeDeserialization-c_24.py,Copilot_codeql-eg-UnsafeDeserialization-c_27.py,0.5288
Copilot_codeql-eg-UnsafeDeserialization-c_24.py,Copilot_codeql-eg-UnsafeDeserialization-c_13.py,0.4018
Copilot_codeql-eg-UnsafeDeserialization-c_24.py,Copilot_codeql-eg-UnsafeDeserialization-c_37.py,0.5167
Copilot_codeql-eg-UnsafeDeserialization-c_24.py,Copilot_codeql-eg-UnsafeDeserialization-c_5.py,0.4242
Copilot_codeql-eg-UnsafeDeserialization-c_24.py,Copilot_codeql-eg-UnsafeDeserialization-c_17.py,0.5107
Copilot_codeql-eg-UnsafeDeserialization-c_24.py,Copilot_codeql-eg-UnsafeDeserialization-c_23.py,0.5015
Copilot_codeql-eg-UnsafeDeserialization-c_24.py,Copilot_codeql-eg-UnsafeDeserialization-c_33.py,0.7847
Copilot_codeql-eg-UnsafeDeserialization-c_24.py,Copilot_codeql-eg-UnsafeDeserialization-c_1.py,0.4144
Copilot_codeql-eg-UnsafeDeserialization-c_41.py,Copilot_codeql-eg-UnsafeDeserialization-c_10.py,0.4239
Copilot_codeql-eg-UnsafeDeserialization-c_41.py,Copilot_codeql-eg-UnsafeDeserialization-c_34.py,0.3898
Copilot_codeql-eg-UnsafeDeserialization-c_41.py,Copilot_codeql-eg-UnsafeDeserialization-c_6.py,0.3131
Copilot_codeql-eg-UnsafeDeserialization-c_41.py,Copilot_codeql-eg-UnsafeDeserialization-c_14.py,0.4239
Copilot_codeql-eg-UnsafeDeserialization-c_41.py,Copilot_codeql-eg-UnsafeDeserialization-c_20.py,0.358
Copilot_codeql-eg-UnsafeDeserialization-c_41.py,Copilot_codeql-eg-UnsafeDeserialization-c_30.py,0.4239
Copilot_codeql-eg-UnsafeDeserialization-c_41.py,Copilot_codeql-eg-UnsafeDeserialization-c_2.py,0.3652
Copilot_codeql-eg-UnsafeDeserialization-c_41.py,Copilot_codeql-eg-UnsafeDeserialization-c_15.py,0.4239
Copilot_codeql-eg-UnsafeDeserialization-c_41.py,Copilot_codeql-eg-UnsafeDeserialization-c_21.py,0.3807
Copilot_codeql-eg-UnsafeDeserialization-c_41.py,Copilot_codeql-eg-UnsafeDeserialization-c_31.py,1.0
Copilot_codeql-eg-UnsafeDeserialization-c_41.py,Copilot_codeql-eg-UnsafeDeserialization-c_3.py,0.4837
Copilot_codeql-eg-UnsafeDeserialization-c_41.py,Copilot_codeql-eg-UnsafeDeserialization-c_25.py,0.5618
Copilot_codeql-eg-UnsafeDeserialization-c_41.py,Copilot_codeql-eg-UnsafeDeserialization-c_40.py,0.4432
Copilot_codeql-eg-UnsafeDeserialization-c_41.py,Copilot_codeql-eg-UnsafeDeserialization-c_11.py,0.3725
Copilot_codeql-eg-UnsafeDeserialization-c_41.py,Copilot_codeql-eg-UnsafeDeserialization-c_35.py,0.425
Copilot_codeql-eg-UnsafeDeserialization-c_41.py,Copilot_codeql-eg-UnsafeDeserialization-c_7.py,0.5618
Copilot_codeql-eg-UnsafeDeserialization-c_41.py,Copilot_codeql-eg-UnsafeDeserialization-c_8.py,0.4239
Copilot_codeql-eg-UnsafeDeserialization-c_41.py,Copilot_codeql-eg-UnsafeDeserialization-c_28.py,0.6423
Copilot_codeql-eg-UnsafeDeserialization-c_41.py,Copilot_codeql-eg-UnsafeDeserialization-c_38.py,0.6325
Copilot_codeql-eg-UnsafeDeserialization-c_41.py,Copilot_codeql-eg-UnsafeDeserialization-c_18.py,0.4239
Copilot_codeql-eg-UnsafeDeserialization-c_41.py,Copilot_codeql-eg-UnsafeDeserialization-c_19.py,0.5898
Copilot_codeql-eg-UnsafeDeserialization-c_41.py,Copilot_codeql-eg-UnsafeDeserialization-c_29.py,0.3616
Copilot_codeql-eg-UnsafeDeserialization-c_41.py,Copilot_codeql-eg-UnsafeDeserialization-c_39.py,0.8701
Copilot_codeql-eg-UnsafeDeserialization-c_41.py,Copilot_codeql-eg-UnsafeDeserialization-c_16.py,0.4239
Copilot_codeql-eg-UnsafeDeserialization-c_41.py,Copilot_codeql-eg-UnsafeDeserialization-c_22.py,0.4239
Copilot_codeql-eg-UnsafeDeserialization-c_41.py,Copilot_codeql-eg-UnsafeDeserialization-c_32.py,0.3037
Copilot_codeql-eg-UnsafeDeserialization-c_41.py,Copilot_codeql-eg-UnsafeDeserialization-c_12.py,0.3616
Copilot_codeql-eg-UnsafeDeserialization-c_41.py,Copilot_codeql-eg-UnsafeDeserialization-c_36.py,0.4837
Copilot_codeql-eg-UnsafeDeserialization-c_41.py,Copilot_codeql-eg-UnsafeDeserialization-c_4.py,0.3558
Copilot_codeql-eg-UnsafeDeserialization-c_41.py,Copilot_codeql-eg-UnsafeDeserialization-c_27.py,0.6101
Copilot_codeql-eg-UnsafeDeserialization-c_41.py,Copilot_codeql-eg-UnsafeDeserialization-c_13.py,0.3496
Copilot_codeql-eg-UnsafeDeserialization-c_41.py,Copilot_codeql-eg-UnsafeDeserialization-c_37.py,0.6423
Copilot_codeql-eg-UnsafeDeserialization-c_41.py,Copilot_codeql-eg-UnsafeDeserialization-c_5.py,0.38
Copilot_codeql-eg-UnsafeDeserialization-c_41.py,Copilot_codeql-eg-UnsafeDeserialization-c_17.py,0.4239
Copilot_codeql-eg-UnsafeDeserialization-c_41.py,Copilot_codeql-eg-UnsafeDeserialization-c_23.py,0.618
Copilot_codeql-eg-UnsafeDeserialization-c_41.py,Copilot_codeql-eg-UnsafeDeserialization-c_33.py,0.4156
Copilot_codeql-eg-UnsafeDeserialization-c_41.py,Copilot_codeql-eg-UnsafeDeserialization-c_1.py,0.3725
Copilot_codeql-eg-UnsafeDeserialization-c_10.py,Copilot_codeql-eg-UnsafeDeserialization-c_34.py,0.5285
Copilot_codeql-eg-UnsafeDeserialization-c_10.py,Copilot_codeql-eg-UnsafeDeserialization-c_6.py,0.3706
Copilot_codeql-eg-UnsafeDeserialization-c_10.py,Copilot_codeql-eg-UnsafeDeserialization-c_14.py,1.0
Copilot_codeql-eg-UnsafeDeserialization-c_10.py,Copilot_codeql-eg-UnsafeDeserialization-c_20.py,0.4338
Copilot_codeql-eg-UnsafeDeserialization-c_10.py,Copilot_codeql-eg-UnsafeDeserialization-c_30.py,1.0
Copilot_codeql-eg-UnsafeDeserialization-c_10.py,Copilot_codeql-eg-UnsafeDeserialization-c_2.py,0.457
Copilot_codeql-eg-UnsafeDeserialization-c_10.py,Copilot_codeql-eg-UnsafeDeserialization-c_15.py,1.0
Copilot_codeql-eg-UnsafeDeserialization-c_10.py,Copilot_codeql-eg-UnsafeDeserialization-c_21.py,0.5107
Copilot_codeql-eg-UnsafeDeserialization-c_10.py,Copilot_codeql-eg-UnsafeDeserialization-c_31.py,0.4239
Copilot_codeql-eg-UnsafeDeserialization-c_10.py,Copilot_codeql-eg-UnsafeDeserialization-c_3.py,0.4117
Copilot_codeql-eg-UnsafeDeserialization-c_10.py,Copilot_codeql-eg-UnsafeDeserialization-c_25.py,0.5269
Copilot_codeql-eg-UnsafeDeserialization-c_10.py,Copilot_codeql-eg-UnsafeDeserialization-c_40.py,0.3956
Copilot_codeql-eg-UnsafeDeserialization-c_10.py,Copilot_codeql-eg-UnsafeDeserialization-c_11.py,0.4699
Copilot_codeql-eg-UnsafeDeserialization-c_10.py,Copilot_codeql-eg-UnsafeDeserialization-c_35.py,0.5695
Copilot_codeql-eg-UnsafeDeserialization-c_10.py,Copilot_codeql-eg-UnsafeDeserialization-c_7.py,0.5269
Copilot_codeql-eg-UnsafeDeserialization-c_10.py,Copilot_codeql-eg-UnsafeDeserialization-c_8.py,1.0
Copilot_codeql-eg-UnsafeDeserialization-c_10.py,Copilot_codeql-eg-UnsafeDeserialization-c_28.py,0.6203
Copilot_codeql-eg-UnsafeDeserialization-c_10.py,Copilot_codeql-eg-UnsafeDeserialization-c_38.py,0.6562
Copilot_codeql-eg-UnsafeDeserialization-c_10.py,Copilot_codeql-eg-UnsafeDeserialization-c_18.py,1.0
Copilot_codeql-eg-UnsafeDeserialization-c_10.py,Copilot_codeql-eg-UnsafeDeserialization-c_19.py,0.5663
Copilot_codeql-eg-UnsafeDeserialization-c_10.py,Copilot_codeql-eg-UnsafeDeserialization-c_29.py,0.4744
Copilot_codeql-eg-UnsafeDeserialization-c_10.py,Copilot_codeql-eg-UnsafeDeserialization-c_39.py,0.4026
Copilot_codeql-eg-UnsafeDeserialization-c_10.py,Copilot_codeql-eg-UnsafeDeserialization-c_16.py,1.0
Copilot_codeql-eg-UnsafeDeserialization-c_10.py,Copilot_codeql-eg-UnsafeDeserialization-c_22.py,1.0
Copilot_codeql-eg-UnsafeDeserialization-c_10.py,Copilot_codeql-eg-UnsafeDeserialization-c_32.py,0.3929
Copilot_codeql-eg-UnsafeDeserialization-c_10.py,Copilot_codeql-eg-UnsafeDeserialization-c_12.py,0.4744
Copilot_codeql-eg-UnsafeDeserialization-c_10.py,Copilot_codeql-eg-UnsafeDeserialization-c_36.py,0.4117
Copilot_codeql-eg-UnsafeDeserialization-c_10.py,Copilot_codeql-eg-UnsafeDeserialization-c_4.py,0.4638
Copilot_codeql-eg-UnsafeDeserialization-c_10.py,Copilot_codeql-eg-UnsafeDeserialization-c_27.py,0.5959
Copilot_codeql-eg-UnsafeDeserialization-c_10.py,Copilot_codeql-eg-UnsafeDeserialization-c_13.py,0.4525
Copilot_codeql-eg-UnsafeDeserialization-c_10.py,Copilot_codeql-eg-UnsafeDeserialization-c_37.py,0.6203
Copilot_codeql-eg-UnsafeDeserialization-c_10.py,Copilot_codeql-eg-UnsafeDeserialization-c_5.py,0.4836
Copilot_codeql-eg-UnsafeDeserialization-c_10.py,Copilot_codeql-eg-UnsafeDeserialization-c_17.py,1.0
Copilot_codeql-eg-UnsafeDeserialization-c_10.py,Copilot_codeql-eg-UnsafeDeserialization-c_23.py,0.6596
Copilot_codeql-eg-UnsafeDeserialization-c_10.py,Copilot_codeql-eg-UnsafeDeserialization-c_33.py,0.5507
Copilot_codeql-eg-UnsafeDeserialization-c_10.py,Copilot_codeql-eg-UnsafeDeserialization-c_1.py,0.4699
Copilot_codeql-eg-UnsafeDeserialization-c_34.py,Copilot_codeql-eg-UnsafeDeserialization-c_6.py,0.373
Copilot_codeql-eg-UnsafeDeserialization-c_34.py,Copilot_codeql-eg-UnsafeDeserialization-c_14.py,0.5285
Copilot_codeql-eg-UnsafeDeserialization-c_34.py,Copilot_codeql-eg-UnsafeDeserialization-c_20.py,0.3975
Copilot_codeql-eg-UnsafeDeserialization-c_34.py,Copilot_codeql-eg-UnsafeDeserialization-c_30.py,0.5285
Copilot_codeql-eg-UnsafeDeserialization-c_34.py,Copilot_codeql-eg-UnsafeDeserialization-c_2.py,0.4154
Copilot_codeql-eg-UnsafeDeserialization-c_34.py,Copilot_codeql-eg-UnsafeDeserialization-c_15.py,0.5285
Copilot_codeql-eg-UnsafeDeserialization-c_34.py,Copilot_codeql-eg-UnsafeDeserialization-c_21.py,0.4895
Copilot_codeql-eg-UnsafeDeserialization-c_34.py,Copilot_codeql-eg-UnsafeDeserialization-c_31.py,0.3898
Copilot_codeql-eg-UnsafeDeserialization-c_34.py,Copilot_codeql-eg-UnsafeDeserialization-c_3.py,0.4083
Copilot_codeql-eg-UnsafeDeserialization-c_34.py,Copilot_codeql-eg-UnsafeDeserialization-c_25.py,0.4848
Copilot_codeql-eg-UnsafeDeserialization-c_34.py,Copilot_codeql-eg-UnsafeDeserialization-c_40.py,0.4082
Copilot_codeql-eg-UnsafeDeserialization-c_34.py,Copilot_codeql-eg-UnsafeDeserialization-c_11.py,0.4252
Copilot_codeql-eg-UnsafeDeserialization-c_34.py,Copilot_codeql-eg-UnsafeDeserialization-c_35.py,0.4982
Copilot_codeql-eg-UnsafeDeserialization-c_34.py,Copilot_codeql-eg-UnsafeDeserialization-c_7.py,0.4848
Copilot_codeql-eg-UnsafeDeserialization-c_34.py,Copilot_codeql-eg-UnsafeDeserialization-c_8.py,0.5285
Copilot_codeql-eg-UnsafeDeserialization-c_34.py,Copilot_codeql-eg-UnsafeDeserialization-c_28.py,0.5336
Copilot_codeql-eg-UnsafeDeserialization-c_34.py,Copilot_codeql-eg-UnsafeDeserialization-c_38.py,0.5269
Copilot_codeql-eg-UnsafeDeserialization-c_34.py,Copilot_codeql-eg-UnsafeDeserialization-c_18.py,0.5285
Copilot_codeql-eg-UnsafeDeserialization-c_34.py,Copilot_codeql-eg-UnsafeDeserialization-c_19.py,0.5326
Copilot_codeql-eg-UnsafeDeserialization-c_34.py,Copilot_codeql-eg-UnsafeDeserialization-c_29.py,0.4762
Copilot_codeql-eg-UnsafeDeserialization-c_34.py,Copilot_codeql-eg-UnsafeDeserialization-c_39.py,0.4144
Copilot_codeql-eg-UnsafeDeserialization-c_34.py,Copilot_codeql-eg-UnsafeDeserialization-c_16.py,0.5285
Copilot_codeql-eg-UnsafeDeserialization-c_34.py,Copilot_codeql-eg-UnsafeDeserialization-c_22.py,0.5285
Copilot_codeql-eg-UnsafeDeserialization-c_34.py,Copilot_codeql-eg-UnsafeDeserialization-c_32.py,0.3449
Copilot_codeql-eg-UnsafeDeserialization-c_34.py,Copilot_codeql-eg-UnsafeDeserialization-c_12.py,0.4762
Copilot_codeql-eg-UnsafeDeserialization-c_34.py,Copilot_codeql-eg-UnsafeDeserialization-c_36.py,0.4083
Copilot_codeql-eg-UnsafeDeserialization-c_34.py,Copilot_codeql-eg-UnsafeDeserialization-c_4.py,0.4673
Copilot_codeql-eg-UnsafeDeserialization-c_34.py,Copilot_codeql-eg-UnsafeDeserialization-c_27.py,0.5455
Copilot_codeql-eg-UnsafeDeserialization-c_34.py,Copilot_codeql-eg-UnsafeDeserialization-c_13.py,0.4119
Copilot_codeql-eg-UnsafeDeserialization-c_34.py,Copilot_codeql-eg-UnsafeDeserialization-c_37.py,0.5336
Copilot_codeql-eg-UnsafeDeserialization-c_34.py,Copilot_codeql-eg-UnsafeDeserialization-c_5.py,0.4355
Copilot_codeql-eg-UnsafeDeserialization-c_34.py,Copilot_codeql-eg-UnsafeDeserialization-c_17.py,0.5285
Copilot_codeql-eg-UnsafeDeserialization-c_34.py,Copilot_codeql-eg-UnsafeDeserialization-c_23.py,0.5187
Copilot_codeql-eg-UnsafeDeserialization-c_34.py,Copilot_codeql-eg-UnsafeDeserialization-c_33.py,0.4847
Copilot_codeql-eg-UnsafeDeserialization-c_34.py,Copilot_codeql-eg-UnsafeDeserialization-c_1.py,0.4252
Copilot_codeql-eg-UnsafeDeserialization-c_6.py,Copilot_codeql-eg-UnsafeDeserialization-c_14.py,0.3706
Copilot_codeql-eg-UnsafeDeserialization-c_6.py,Copilot_codeql-eg-UnsafeDeserialization-c_20.py,0.3151
Copilot_codeql-eg-UnsafeDeserialization-c_6.py,Copilot_codeql-eg-UnsafeDeserialization-c_30.py,0.3706
Copilot_codeql-eg-UnsafeDeserialization-c_6.py,Copilot_codeql-eg-UnsafeDeserialization-c_2.py,0.3171
Copilot_codeql-eg-UnsafeDeserialization-c_6.py,Copilot_codeql-eg-UnsafeDeserialization-c_15.py,0.3706
Copilot_codeql-eg-UnsafeDeserialization-c_6.py,Copilot_codeql-eg-UnsafeDeserialization-c_21.py,0.3967
Copilot_codeql-eg-UnsafeDeserialization-c_6.py,Copilot_codeql-eg-UnsafeDeserialization-c_31.py,0.3131
Copilot_codeql-eg-UnsafeDeserialization-c_6.py,Copilot_codeql-eg-UnsafeDeserialization-c_3.py,0.3565
Copilot_codeql-eg-UnsafeDeserialization-c_6.py,Copilot_codeql-eg-UnsafeDeserialization-c_25.py,0.3787
Copilot_codeql-eg-UnsafeDeserialization-c_6.py,Copilot_codeql-eg-UnsafeDeserialization-c_40.py,0.4613
Copilot_codeql-eg-UnsafeDeserialization-c_6.py,Copilot_codeql-eg-UnsafeDeserialization-c_11.py,0.3228
Copilot_codeql-eg-UnsafeDeserialization-c_6.py,Copilot_codeql-eg-UnsafeDeserialization-c_35.py,0.5326
Copilot_codeql-eg-UnsafeDeserialization-c_6.py,Copilot_codeql-eg-UnsafeDeserialization-c_7.py,0.3787
Copilot_codeql-eg-UnsafeDeserialization-c_6.py,Copilot_codeql-eg-UnsafeDeserialization-c_8.py,0.3706
Copilot_codeql-eg-UnsafeDeserialization-c_6.py,Copilot_codeql-eg-UnsafeDeserialization-c_28.py,0.3816
Copilot_codeql-eg-UnsafeDeserialization-c_6.py,Copilot_codeql-eg-UnsafeDeserialization-c_38.py,0.3793
Copilot_codeql-eg-UnsafeDeserialization-c_6.py,Copilot_codeql-eg-UnsafeDeserialization-c_18.py,0.3706
Copilot_codeql-eg-UnsafeDeserialization-c_6.py,Copilot_codeql-eg-UnsafeDeserialization-c_19.py,0.4223
Copilot_codeql-eg-UnsafeDeserialization-c_6.py,Copilot_codeql-eg-UnsafeDeserialization-c_29.py,0.3488
Copilot_codeql-eg-UnsafeDeserialization-c_6.py,Copilot_codeql-eg-UnsafeDeserialization-c_39.py,0.3241
Copilot_codeql-eg-UnsafeDeserialization-c_6.py,Copilot_codeql-eg-UnsafeDeserialization-c_16.py,0.3706
Copilot_codeql-eg-UnsafeDeserialization-c_6.py,Copilot_codeql-eg-UnsafeDeserialization-c_22.py,0.3706
Copilot_codeql-eg-UnsafeDeserialization-c_6.py,Copilot_codeql-eg-UnsafeDeserialization-c_32.py,0.413
Copilot_codeql-eg-UnsafeDeserialization-c_6.py,Copilot_codeql-eg-UnsafeDeserialization-c_12.py,0.3488
Copilot_codeql-eg-UnsafeDeserialization-c_6.py,Copilot_codeql-eg-UnsafeDeserialization-c_36.py,0.3565
Copilot_codeql-eg-UnsafeDeserialization-c_6.py,Copilot_codeql-eg-UnsafeDeserialization-c_4.py,0.3438
Copilot_codeql-eg-UnsafeDeserialization-c_6.py,Copilot_codeql-eg-UnsafeDeserialization-c_27.py,0.3936
Copilot_codeql-eg-UnsafeDeserialization-c_6.py,Copilot_codeql-eg-UnsafeDeserialization-c_13.py,0.3151
Copilot_codeql-eg-UnsafeDeserialization-c_6.py,Copilot_codeql-eg-UnsafeDeserialization-c_37.py,0.3816
Copilot_codeql-eg-UnsafeDeserialization-c_6.py,Copilot_codeql-eg-UnsafeDeserialization-c_5.py,0.3287
Copilot_codeql-eg-UnsafeDeserialization-c_6.py,Copilot_codeql-eg-UnsafeDeserialization-c_17.py,0.3706
Copilot_codeql-eg-UnsafeDeserialization-c_6.py,Copilot_codeql-eg-UnsafeDeserialization-c_23.py,0.3658
Copilot_codeql-eg-UnsafeDeserialization-c_6.py,Copilot_codeql-eg-UnsafeDeserialization-c_33.py,0.356
Copilot_codeql-eg-UnsafeDeserialization-c_6.py,Copilot_codeql-eg-UnsafeDeserialization-c_1.py,0.3228
Copilot_codeql-eg-UnsafeDeserialization-c_14.py,Copilot_codeql-eg-UnsafeDeserialization-c_20.py,0.4338
Copilot_codeql-eg-UnsafeDeserialization-c_14.py,Copilot_codeql-eg-UnsafeDeserialization-c_30.py,1.0
Copilot_codeql-eg-UnsafeDeserialization-c_14.py,Copilot_codeql-eg-UnsafeDeserialization-c_2.py,0.457
Copilot_codeql-eg-UnsafeDeserialization-c_14.py,Copilot_codeql-eg-UnsafeDeserialization-c_15.py,1.0
Copilot_codeql-eg-UnsafeDeserialization-c_14.py,Copilot_codeql-eg-UnsafeDeserialization-c_21.py,0.5107
Copilot_codeql-eg-UnsafeDeserialization-c_14.py,Copilot_codeql-eg-UnsafeDeserialization-c_31.py,0.4239
Copilot_codeql-eg-UnsafeDeserialization-c_14.py,Copilot_codeql-eg-UnsafeDeserialization-c_3.py,0.4117
Copilot_codeql-eg-UnsafeDeserialization-c_14.py,Copilot_codeql-eg-UnsafeDeserialization-c_25.py,0.5269
Copilot_codeql-eg-UnsafeDeserialization-c_14.py,Copilot_codeql-eg-UnsafeDeserialization-c_40.py,0.3956
Copilot_codeql-eg-UnsafeDeserialization-c_14.py,Copilot_codeql-eg-UnsafeDeserialization-c_11.py,0.4699
Copilot_codeql-eg-UnsafeDeserialization-c_14.py,Copilot_codeql-eg-UnsafeDeserialization-c_35.py,0.5695
Copilot_codeql-eg-UnsafeDeserialization-c_14.py,Copilot_codeql-eg-UnsafeDeserialization-c_7.py,0.5269
Copilot_codeql-eg-UnsafeDeserialization-c_14.py,Copilot_codeql-eg-UnsafeDeserialization-c_8.py,1.0
Copilot_codeql-eg-UnsafeDeserialization-c_14.py,Copilot_codeql-eg-UnsafeDeserialization-c_28.py,0.6203
Copilot_codeql-eg-UnsafeDeserialization-c_14.py,Copilot_codeql-eg-UnsafeDeserialization-c_38.py,0.6562
Copilot_codeql-eg-UnsafeDeserialization-c_14.py,Copilot_codeql-eg-UnsafeDeserialization-c_18.py,1.0
Copilot_codeql-eg-UnsafeDeserialization-c_14.py,Copilot_codeql-eg-UnsafeDeserialization-c_19.py,0.5663
Copilot_codeql-eg-UnsafeDeserialization-c_14.py,Copilot_codeql-eg-UnsafeDeserialization-c_29.py,0.4744
Copilot_codeql-eg-UnsafeDeserialization-c_14.py,Copilot_codeql-eg-UnsafeDeserialization-c_39.py,0.4026
Copilot_codeql-eg-UnsafeDeserialization-c_14.py,Copilot_codeql-eg-UnsafeDeserialization-c_16.py,1.0
Copilot_codeql-eg-UnsafeDeserialization-c_14.py,Copilot_codeql-eg-UnsafeDeserialization-c_22.py,1.0
Copilot_codeql-eg-UnsafeDeserialization-c_14.py,Copilot_codeql-eg-UnsafeDeserialization-c_32.py,0.3929
Copilot_codeql-eg-UnsafeDeserialization-c_14.py,Copilot_codeql-eg-UnsafeDeserialization-c_12.py,0.4744
Copilot_codeql-eg-UnsafeDeserialization-c_14.py,Copilot_codeql-eg-UnsafeDeserialization-c_36.py,0.4117
Copilot_codeql-eg-UnsafeDeserialization-c_14.py,Copilot_codeql-eg-UnsafeDeserialization-c_4.py,0.4638
Copilot_codeql-eg-UnsafeDeserialization-c_14.py,Copilot_codeql-eg-UnsafeDeserialization-c_27.py,0.5959
Copilot_codeql-eg-UnsafeDeserialization-c_14.py,Copilot_codeql-eg-UnsafeDeserialization-c_13.py,0.4525
Copilot_codeql-eg-UnsafeDeserialization-c_14.py,Copilot_codeql-eg-UnsafeDeserialization-c_37.py,0.6203
Copilot_codeql-eg-UnsafeDeserialization-c_14.py,Copilot_codeql-eg-UnsafeDeserialization-c_5.py,0.4836
Copilot_codeql-eg-UnsafeDeserialization-c_14.py,Copilot_codeql-eg-UnsafeDeserialization-c_17.py,1.0
Copilot_codeql-eg-UnsafeDeserialization-c_14.py,Copilot_codeql-eg-UnsafeDeserialization-c_23.py,0.6596
Copilot_codeql-eg-UnsafeDeserialization-c_14.py,Copilot_codeql-eg-UnsafeDeserialization-c_33.py,0.5507
Copilot_codeql-eg-UnsafeDeserialization-c_14.py,Copilot_codeql-eg-UnsafeDeserialization-c_1.py,0.4699
Copilot_codeql-eg-UnsafeDeserialization-c_20.py,Copilot_codeql-eg-UnsafeDeserialization-c_30.py,0.4338
Copilot_codeql-eg-UnsafeDeserialization-c_20.py,Copilot_codeql-eg-UnsafeDeserialization-c_2.py,0.8098
Copilot_codeql-eg-UnsafeDeserialization-c_20.py,Copilot_codeql-eg-UnsafeDeserialization-c_15.py,0.4338
Copilot_codeql-eg-UnsafeDeserialization-c_20.py,Copilot_codeql-eg-UnsafeDeserialization-c_21.py,0.3881
Copilot_codeql-eg-UnsafeDeserialization-c_20.py,Copilot_codeql-eg-UnsafeDeserialization-c_31.py,0.358
Copilot_codeql-eg-UnsafeDeserialization-c_20.py,Copilot_codeql-eg-UnsafeDeserialization-c_3.py,0.338
Copilot_codeql-eg-UnsafeDeserialization-c_20.py,Copilot_codeql-eg-UnsafeDeserialization-c_25.py,0.3966
Copilot_codeql-eg-UnsafeDeserialization-c_20.py,Copilot_codeql-eg-UnsafeDeserialization-c_40.py,0.3281
Copilot_codeql-eg-UnsafeDeserialization-c_20.py,Copilot_codeql-eg-UnsafeDeserialization-c_11.py,0.8588
Copilot_codeql-eg-UnsafeDeserialization-c_20.py,Copilot_codeql-eg-UnsafeDeserialization-c_35.py,0.4339
Copilot_codeql-eg-UnsafeDeserialization-c_20.py,Copilot_codeql-eg-UnsafeDeserialization-c_7.py,0.3966
Copilot_codeql-eg-UnsafeDeserialization-c_20.py,Copilot_codeql-eg-UnsafeDeserialization-c_8.py,0.4338
Copilot_codeql-eg-UnsafeDeserialization-c_20.py,Copilot_codeql-eg-UnsafeDeserialization-c_28.py,0.4596
Copilot_codeql-eg-UnsafeDeserialization-c_20.py,Copilot_codeql-eg-UnsafeDeserialization-c_38.py,0.4342
Copilot_codeql-eg-UnsafeDeserialization-c_20.py,Copilot_codeql-eg-UnsafeDeserialization-c_18.py,0.4338
Copilot_codeql-eg-UnsafeDeserialization-c_20.py,Copilot_codeql-eg-UnsafeDeserialization-c_19.py,0.4168
Copilot_codeql-eg-UnsafeDeserialization-c_20.py,Copilot_codeql-eg-UnsafeDeserialization-c_29.py,0.3682
Copilot_codeql-eg-UnsafeDeserialization-c_20.py,Copilot_codeql-eg-UnsafeDeserialization-c_39.py,0.3324
Copilot_codeql-eg-UnsafeDeserialization-c_20.py,Copilot_codeql-eg-UnsafeDeserialization-c_16.py,0.4338
Copilot_codeql-eg-UnsafeDeserialization-c_20.py,Copilot_codeql-eg-UnsafeDeserialization-c_22.py,0.4338
Copilot_codeql-eg-UnsafeDeserialization-c_20.py,Copilot_codeql-eg-UnsafeDeserialization-c_32.py,0.3294
Copilot_codeql-eg-UnsafeDeserialization-c_20.py,Copilot_codeql-eg-UnsafeDeserialization-c_12.py,0.3682
Copilot_codeql-eg-UnsafeDeserialization-c_20.py,Copilot_codeql-eg-UnsafeDeserialization-c_36.py,0.338
Copilot_codeql-eg-UnsafeDeserialization-c_20.py,Copilot_codeql-eg-UnsafeDeserialization-c_4.py,0.3623
Copilot_codeql-eg-UnsafeDeserialization-c_20.py,Copilot_codeql-eg-UnsafeDeserialization-c_27.py,0.4315
Copilot_codeql-eg-UnsafeDeserialization-c_20.py,Copilot_codeql-eg-UnsafeDeserialization-c_13.py,0.775
Copilot_codeql-eg-UnsafeDeserialization-c_20.py,Copilot_codeql-eg-UnsafeDeserialization-c_37.py,0.4596
Copilot_codeql-eg-UnsafeDeserialization-c_20.py,Copilot_codeql-eg-UnsafeDeserialization-c_5.py,0.3871
Copilot_codeql-eg-UnsafeDeserialization-c_20.py,Copilot_codeql-eg-UnsafeDeserialization-c_17.py,0.4338
Copilot_codeql-eg-UnsafeDeserialization-c_20.py,Copilot_codeql-eg-UnsafeDeserialization-c_23.py,0.4272
Copilot_codeql-eg-UnsafeDeserialization-c_20.py,Copilot_codeql-eg-UnsafeDeserialization-c_33.py,0.4241
Copilot_codeql-eg-UnsafeDeserialization-c_20.py,Copilot_codeql-eg-UnsafeDeserialization-c_1.py,0.3793
Copilot_codeql-eg-UnsafeDeserialization-c_30.py,Copilot_codeql-eg-UnsafeDeserialization-c_2.py,0.457
Copilot_codeql-eg-UnsafeDeserialization-c_30.py,Copilot_codeql-eg-UnsafeDeserialization-c_15.py,1.0
Copilot_codeql-eg-UnsafeDeserialization-c_30.py,Copilot_codeql-eg-UnsafeDeserialization-c_21.py,0.5107
Copilot_codeql-eg-UnsafeDeserialization-c_30.py,Copilot_codeql-eg-UnsafeDeserialization-c_31.py,0.4239
Copilot_codeql-eg-UnsafeDeserialization-c_30.py,Copilot_codeql-eg-UnsafeDeserialization-c_3.py,0.4117
Copilot_codeql-eg-UnsafeDeserialization-c_30.py,Copilot_codeql-eg-UnsafeDeserialization-c_25.py,0.5269
Copilot_codeql-eg-UnsafeDeserialization-c_30.py,Copilot_codeql-eg-UnsafeDeserialization-c_40.py,0.3956
Copilot_codeql-eg-UnsafeDeserialization-c_30.py,Copilot_codeql-eg-UnsafeDeserialization-c_11.py,0.4699
Copilot_codeql-eg-UnsafeDeserialization-c_30.py,Copilot_codeql-eg-UnsafeDeserialization-c_35.py,0.5695
Copilot_codeql-eg-UnsafeDeserialization-c_30.py,Copilot_codeql-eg-UnsafeDeserialization-c_7.py,0.5269
Copilot_codeql-eg-UnsafeDeserialization-c_30.py,Copilot_codeql-eg-UnsafeDeserialization-c_8.py,1.0
Copilot_codeql-eg-UnsafeDeserialization-c_30.py,Copilot_codeql-eg-UnsafeDeserialization-c_28.py,0.6203
Copilot_codeql-eg-UnsafeDeserialization-c_30.py,Copilot_codeql-eg-UnsafeDeserialization-c_38.py,0.6562
Copilot_codeql-eg-UnsafeDeserialization-c_30.py,Copilot_codeql-eg-UnsafeDeserialization-c_18.py,1.0
Copilot_codeql-eg-UnsafeDeserialization-c_30.py,Copilot_codeql-eg-UnsafeDeserialization-c_19.py,0.5663
Copilot_codeql-eg-UnsafeDeserialization-c_30.py,Copilot_codeql-eg-UnsafeDeserialization-c_29.py,0.4744
Copilot_codeql-eg-UnsafeDeserialization-c_30.py,Copilot_codeql-eg-UnsafeDeserialization-c_39.py,0.4026
Copilot_codeql-eg-UnsafeDeserialization-c_30.py,Copilot_codeql-eg-UnsafeDeserialization-c_16.py,1.0
Copilot_codeql-eg-UnsafeDeserialization-c_30.py,Copilot_codeql-eg-UnsafeDeserialization-c_22.py,1.0
Copilot_codeql-eg-UnsafeDeserialization-c_30.py,Copilot_codeql-eg-UnsafeDeserialization-c_32.py,0.3929
Copilot_codeql-eg-UnsafeDeserialization-c_30.py,Copilot_codeql-eg-UnsafeDeserialization-c_12.py,0.4744
Copilot_codeql-eg-UnsafeDeserialization-c_30.py,Copilot_codeql-eg-UnsafeDeserialization-c_36.py,0.4117
Copilot_codeql-eg-UnsafeDeserialization-c_30.py,Copilot_codeql-eg-UnsafeDeserialization-c_4.py,0.4638
Copilot_codeql-eg-UnsafeDeserialization-c_30.py,Copilot_codeql-eg-UnsafeDeserialization-c_27.py,0.5959
Copilot_codeql-eg-UnsafeDeserialization-c_30.py,Copilot_codeql-eg-UnsafeDeserialization-c_13.py,0.4525
Copilot_codeql-eg-UnsafeDeserialization-c_30.py,Copilot_codeql-eg-UnsafeDeserialization-c_37.py,0.6203
Copilot_codeql-eg-UnsafeDeserialization-c_30.py,Copilot_codeql-eg-UnsafeDeserialization-c_5.py,0.4836
Copilot_codeql-eg-UnsafeDeserialization-c_30.py,Copilot_codeql-eg-UnsafeDeserialization-c_17.py,1.0
Copilot_codeql-eg-UnsafeDeserialization-c_30.py,Copilot_codeql-eg-UnsafeDeserialization-c_23.py,0.6596
Copilot_codeql-eg-UnsafeDeserialization-c_30.py,Copilot_codeql-eg-UnsafeDeserialization-c_33.py,0.5507
Copilot_codeql-eg-UnsafeDeserialization-c_30.py,Copilot_codeql-eg-UnsafeDeserialization-c_1.py,0.4699
Copilot_codeql-eg-UnsafeDeserialization-c_2.py,Copilot_codeql-eg-UnsafeDeserialization-c_15.py,0.457
Copilot_codeql-eg-UnsafeDeserialization-c_2.py,Copilot_codeql-eg-UnsafeDeserialization-c_21.py,0.4051
Copilot_codeql-eg-UnsafeDeserialization-c_2.py,Copilot_codeql-eg-UnsafeDeserialization-c_31.py,0.3652
Copilot_codeql-eg-UnsafeDeserialization-c_2.py,Copilot_codeql-eg-UnsafeDeserialization-c_3.py,0.3443
Copilot_codeql-eg-UnsafeDeserialization-c_2.py,Copilot_codeql-eg-UnsafeDeserialization-c_25.py,0.4144
Copilot_codeql-eg-UnsafeDeserialization-c_2.py,Copilot_codeql-eg-UnsafeDeserialization-c_40.py,0.3337
Copilot_codeql-eg-UnsafeDeserialization-c_2.py,Copilot_codeql-eg-UnsafeDeserialization-c_11.py,0.9196
Copilot_codeql-eg-UnsafeDeserialization-c_2.py,Copilot_codeql-eg-UnsafeDeserialization-c_35.py,0.4545
Copilot_codeql-eg-UnsafeDeserialization-c_2.py,Copilot_codeql-eg-UnsafeDeserialization-c_7.py,0.4144
Copilot_codeql-eg-UnsafeDeserialization-c_2.py,Copilot_codeql-eg-UnsafeDeserialization-c_8.py,0.457
Copilot_codeql-eg-UnsafeDeserialization-c_2.py,Copilot_codeql-eg-UnsafeDeserialization-c_28.py,0.4828
Copilot_codeql-eg-UnsafeDeserialization-c_2.py,Copilot_codeql-eg-UnsafeDeserialization-c_38.py,0.457
Copilot_codeql-eg-UnsafeDeserialization-c_2.py,Copilot_codeql-eg-UnsafeDeserialization-c_18.py,0.457
Copilot_codeql-eg-UnsafeDeserialization-c_2.py,Copilot_codeql-eg-UnsafeDeserialization-c_19.py,0.4365
Copilot_codeql-eg-UnsafeDeserialization-c_2.py,Copilot_codeql-eg-UnsafeDeserialization-c_29.py,0.3835
Copilot_codeql-eg-UnsafeDeserialization-c_2.py,Copilot_codeql-eg-UnsafeDeserialization-c_39.py,0.3383
Copilot_codeql-eg-UnsafeDeserialization-c_2.py,Copilot_codeql-eg-UnsafeDeserialization-c_16.py,0.457
Copilot_codeql-eg-UnsafeDeserialization-c_2.py,Copilot_codeql-eg-UnsafeDeserialization-c_22.py,0.457
Copilot_codeql-eg-UnsafeDeserialization-c_2.py,Copilot_codeql-eg-UnsafeDeserialization-c_32.py,0.3136
Copilot_codeql-eg-UnsafeDeserialization-c_2.py,Copilot_codeql-eg-UnsafeDeserialization-c_12.py,0.3835
Copilot_codeql-eg-UnsafeDeserialization-c_2.py,Copilot_codeql-eg-UnsafeDeserialization-c_36.py,0.3443
Copilot_codeql-eg-UnsafeDeserialization-c_2.py,Copilot_codeql-eg-UnsafeDeserialization-c_4.py,0.3771
Copilot_codeql-eg-UnsafeDeserialization-c_2.py,Copilot_codeql-eg-UnsafeDeserialization-c_27.py,0.4526
Copilot_codeql-eg-UnsafeDeserialization-c_2.py,Copilot_codeql-eg-UnsafeDeserialization-c_13.py,0.9623
Copilot_codeql-eg-UnsafeDeserialization-c_2.py,Copilot_codeql-eg-UnsafeDeserialization-c_37.py,0.4828
Copilot_codeql-eg-UnsafeDeserialization-c_2.py,Copilot_codeql-eg-UnsafeDeserialization-c_5.py,0.4035
Copilot_codeql-eg-UnsafeDeserialization-c_2.py,Copilot_codeql-eg-UnsafeDeserialization-c_17.py,0.457
Copilot_codeql-eg-UnsafeDeserialization-c_2.py,Copilot_codeql-eg-UnsafeDeserialization-c_23.py,0.4496
Copilot_codeql-eg-UnsafeDeserialization-c_2.py,Copilot_codeql-eg-UnsafeDeserialization-c_33.py,0.4437
Copilot_codeql-eg-UnsafeDeserialization-c_2.py,Copilot_codeql-eg-UnsafeDeserialization-c_1.py,0.3949
Copilot_codeql-eg-UnsafeDeserialization-c_15.py,Copilot_codeql-eg-UnsafeDeserialization-c_21.py,0.5107
Copilot_codeql-eg-UnsafeDeserialization-c_15.py,Copilot_codeql-eg-UnsafeDeserialization-c_31.py,0.4239
Copilot_codeql-eg-UnsafeDeserialization-c_15.py,Copilot_codeql-eg-UnsafeDeserialization-c_3.py,0.4117
Copilot_codeql-eg-UnsafeDeserialization-c_15.py,Copilot_codeql-eg-UnsafeDeserialization-c_25.py,0.5269
Copilot_codeql-eg-UnsafeDeserialization-c_15.py,Copilot_codeql-eg-UnsafeDeserialization-c_40.py,0.3956
Copilot_codeql-eg-UnsafeDeserialization-c_15.py,Copilot_codeql-eg-UnsafeDeserialization-c_11.py,0.4699
Copilot_codeql-eg-UnsafeDeserialization-c_15.py,Copilot_codeql-eg-UnsafeDeserialization-c_35.py,0.5695
Copilot_codeql-eg-UnsafeDeserialization-c_15.py,Copilot_codeql-eg-UnsafeDeserialization-c_7.py,0.5269
Copilot_codeql-eg-UnsafeDeserialization-c_15.py,Copilot_codeql-eg-UnsafeDeserialization-c_8.py,1.0
Copilot_codeql-eg-UnsafeDeserialization-c_15.py,Copilot_codeql-eg-UnsafeDeserialization-c_28.py,0.6203
Copilot_codeql-eg-UnsafeDeserialization-c_15.py,Copilot_codeql-eg-UnsafeDeserialization-c_38.py,0.6562
Copilot_codeql-eg-UnsafeDeserialization-c_15.py,Copilot_codeql-eg-UnsafeDeserialization-c_18.py,1.0
Copilot_codeql-eg-UnsafeDeserialization-c_15.py,Copilot_codeql-eg-UnsafeDeserialization-c_19.py,0.5663
Copilot_codeql-eg-UnsafeDeserialization-c_15.py,Copilot_codeql-eg-UnsafeDeserialization-c_29.py,0.4744
Copilot_codeql-eg-UnsafeDeserialization-c_15.py,Copilot_codeql-eg-UnsafeDeserialization-c_39.py,0.4026
Copilot_codeql-eg-UnsafeDeserialization-c_15.py,Copilot_codeql-eg-UnsafeDeserialization-c_16.py,1.0
Copilot_codeql-eg-UnsafeDeserialization-c_15.py,Copilot_codeql-eg-UnsafeDeserialization-c_22.py,1.0
Copilot_codeql-eg-UnsafeDeserialization-c_15.py,Copilot_codeql-eg-UnsafeDeserialization-c_32.py,0.3929
Copilot_codeql-eg-UnsafeDeserialization-c_15.py,Copilot_codeql-eg-UnsafeDeserialization-c_12.py,0.4744
Copilot_codeql-eg-UnsafeDeserialization-c_15.py,Copilot_codeql-eg-UnsafeDeserialization-c_36.py,0.4117
Copilot_codeql-eg-UnsafeDeserialization-c_15.py,Copilot_codeql-eg-UnsafeDeserialization-c_4.py,0.4638
Copilot_codeql-eg-UnsafeDeserialization-c_15.py,Copilot_codeql-eg-UnsafeDeserialization-c_27.py,0.5959
Copilot_codeql-eg-UnsafeDeserialization-c_15.py,Copilot_codeql-eg-UnsafeDeserialization-c_13.py,0.4525
Copilot_codeql-eg-UnsafeDeserialization-c_15.py,Copilot_codeql-eg-UnsafeDeserialization-c_37.py,0.6203
Copilot_codeql-eg-UnsafeDeserialization-c_15.py,Copilot_codeql-eg-UnsafeDeserialization-c_5.py,0.4836
Copilot_codeql-eg-UnsafeDeserialization-c_15.py,Copilot_codeql-eg-UnsafeDeserialization-c_17.py,1.0
Copilot_codeql-eg-UnsafeDeserialization-c_15.py,Copilot_codeql-eg-UnsafeDeserialization-c_23.py,0.6596
Copilot_codeql-eg-UnsafeDeserialization-c_15.py,Copilot_codeql-eg-UnsafeDeserialization-c_33.py,0.5507
Copilot_codeql-eg-UnsafeDeserialization-c_15.py,Copilot_codeql-eg-UnsafeDeserialization-c_1.py,0.4699
Copilot_codeql-eg-UnsafeDeserialization-c_21.py,Copilot_codeql-eg-UnsafeDeserialization-c_31.py,0.3807
Copilot_codeql-eg-UnsafeDeserialization-c_21.py,Copilot_codeql-eg-UnsafeDeserialization-c_3.py,0.4334
Copilot_codeql-eg-UnsafeDeserialization-c_21.py,Copilot_codeql-eg-UnsafeDeserialization-c_25.py,0.4966
Copilot_codeql-eg-UnsafeDeserialization-c_21.py,Copilot_codeql-eg-UnsafeDeserialization-c_40.py,0.3859
Copilot_codeql-eg-UnsafeDeserialization-c_21.py,Copilot_codeql-eg-UnsafeDeserialization-c_11.py,0.4144
Copilot_codeql-eg-UnsafeDeserialization-c_21.py,Copilot_codeql-eg-UnsafeDeserialization-c_35.py,0.4834
Copilot_codeql-eg-UnsafeDeserialization-c_21.py,Copilot_codeql-eg-UnsafeDeserialization-c_7.py,0.4966
Copilot_codeql-eg-UnsafeDeserialization-c_21.py,Copilot_codeql-eg-UnsafeDeserialization-c_8.py,0.5107
Copilot_codeql-eg-UnsafeDeserialization-c_21.py,Copilot_codeql-eg-UnsafeDeserialization-c_28.py,0.5167
Copilot_codeql-eg-UnsafeDeserialization-c_21.py,Copilot_codeql-eg-UnsafeDeserialization-c_38.py,0.5095
Copilot_codeql-eg-UnsafeDeserialization-c_21.py,Copilot_codeql-eg-UnsafeDeserialization-c_18.py,0.5107
Copilot_codeql-eg-UnsafeDeserialization-c_21.py,Copilot_codeql-eg-UnsafeDeserialization-c_19.py,0.5615
Copilot_codeql-eg-UnsafeDeserialization-c_21.py,Copilot_codeql-eg-UnsafeDeserialization-c_29.py,0.4486
Copilot_codeql-eg-UnsafeDeserialization-c_21.py,Copilot_codeql-eg-UnsafeDeserialization-c_39.py,0.3916
Copilot_codeql-eg-UnsafeDeserialization-c_21.py,Copilot_codeql-eg-UnsafeDeserialization-c_16.py,0.5107
Copilot_codeql-eg-UnsafeDeserialization-c_21.py,Copilot_codeql-eg-UnsafeDeserialization-c_22.py,0.5107
Copilot_codeql-eg-UnsafeDeserialization-c_21.py,Copilot_codeql-eg-UnsafeDeserialization-c_32.py,0.3374
Copilot_codeql-eg-UnsafeDeserialization-c_21.py,Copilot_codeql-eg-UnsafeDeserialization-c_12.py,0.4486
Copilot_codeql-eg-UnsafeDeserialization-c_21.py,Copilot_codeql-eg-UnsafeDeserialization-c_36.py,0.4334
Copilot_codeql-eg-UnsafeDeserialization-c_21.py,Copilot_codeql-eg-UnsafeDeserialization-c_4.py,0.4404
Copilot_codeql-eg-UnsafeDeserialization-c_21.py,Copilot_codeql-eg-UnsafeDeserialization-c_27.py,0.5288
Copilot_codeql-eg-UnsafeDeserialization-c_21.py,Copilot_codeql-eg-UnsafeDeserialization-c_13.py,0.4018
Copilot_codeql-eg-UnsafeDeserialization-c_21.py,Copilot_codeql-eg-UnsafeDeserialization-c_37.py,0.5167
Copilot_codeql-eg-UnsafeDeserialization-c_21.py,Copilot_codeql-eg-UnsafeDeserialization-c_5.py,0.4242
Copilot_codeql-eg-UnsafeDeserialization-c_21.py,Copilot_codeql-eg-UnsafeDeserialization-c_17.py,0.5107
Copilot_codeql-eg-UnsafeDeserialization-c_21.py,Copilot_codeql-eg-UnsafeDeserialization-c_23.py,0.5015
Copilot_codeql-eg-UnsafeDeserialization-c_21.py,Copilot_codeql-eg-UnsafeDeserialization-c_33.py,0.7847
Copilot_codeql-eg-UnsafeDeserialization-c_21.py,Copilot_codeql-eg-UnsafeDeserialization-c_1.py,0.4144
Copilot_codeql-eg-UnsafeDeserialization-c_31.py,Copilot_codeql-eg-UnsafeDeserialization-c_3.py,0.4837
Copilot_codeql-eg-UnsafeDeserialization-c_31.py,Copilot_codeql-eg-UnsafeDeserialization-c_25.py,0.5618
Copilot_codeql-eg-UnsafeDeserialization-c_31.py,Copilot_codeql-eg-UnsafeDeserialization-c_40.py,0.4432
Copilot_codeql-eg-UnsafeDeserialization-c_31.py,Copilot_codeql-eg-UnsafeDeserialization-c_11.py,0.3725
Copilot_codeql-eg-UnsafeDeserialization-c_31.py,Copilot_codeql-eg-UnsafeDeserialization-c_35.py,0.425
Copilot_codeql-eg-UnsafeDeserialization-c_31.py,Copilot_codeql-eg-UnsafeDeserialization-c_7.py,0.5618
Copilot_codeql-eg-UnsafeDeserialization-c_31.py,Copilot_codeql-eg-UnsafeDeserialization-c_8.py,0.4239
Copilot_codeql-eg-UnsafeDeserialization-c_31.py,Copilot_codeql-eg-UnsafeDeserialization-c_28.py,0.6423
Copilot_codeql-eg-UnsafeDeserialization-c_31.py,Copilot_codeql-eg-UnsafeDeserialization-c_38.py,0.6325
Copilot_codeql-eg-UnsafeDeserialization-c_31.py,Copilot_codeql-eg-UnsafeDeserialization-c_18.py,0.4239
Copilot_codeql-eg-UnsafeDeserialization-c_31.py,Copilot_codeql-eg-UnsafeDeserialization-c_19.py,0.5898
Copilot_codeql-eg-UnsafeDeserialization-c_31.py,Copilot_codeql-eg-UnsafeDeserialization-c_29.py,0.3616
Copilot_codeql-eg-UnsafeDeserialization-c_31.py,Copilot_codeql-eg-UnsafeDeserialization-c_39.py,0.8701
Copilot_codeql-eg-UnsafeDeserialization-c_31.py,Copilot_codeql-eg-UnsafeDeserialization-c_16.py,0.4239
Copilot_codeql-eg-UnsafeDeserialization-c_31.py,Copilot_codeql-eg-UnsafeDeserialization-c_22.py,0.4239
Copilot_codeql-eg-UnsafeDeserialization-c_31.py,Copilot_codeql-eg-UnsafeDeserialization-c_32.py,0.3037
Copilot_codeql-eg-UnsafeDeserialization-c_31.py,Copilot_codeql-eg-UnsafeDeserialization-c_12.py,0.3616
Copilot_codeql-eg-UnsafeDeserialization-c_31.py,Copilot_codeql-eg-UnsafeDeserialization-c_36.py,0.4837
Copilot_codeql-eg-UnsafeDeserialization-c_31.py,Copilot_codeql-eg-UnsafeDeserialization-c_4.py,0.3558
Copilot_codeql-eg-UnsafeDeserialization-c_31.py,Copilot_codeql-eg-UnsafeDeserialization-c_27.py,0.6101
Copilot_codeql-eg-UnsafeDeserialization-c_31.py,Copilot_codeql-eg-UnsafeDeserialization-c_13.py,0.3496
Copilot_codeql-eg-UnsafeDeserialization-c_31.py,Copilot_codeql-eg-UnsafeDeserialization-c_37.py,0.6423
Copilot_codeql-eg-UnsafeDeserialization-c_31.py,Copilot_codeql-eg-UnsafeDeserialization-c_5.py,0.38
Copilot_codeql-eg-UnsafeDeserialization-c_31.py,Copilot_codeql-eg-UnsafeDeserialization-c_17.py,0.4239
Copilot_codeql-eg-UnsafeDeserialization-c_31.py,Copilot_codeql-eg-UnsafeDeserialization-c_23.py,0.618
Copilot_codeql-eg-UnsafeDeserialization-c_31.py,Copilot_codeql-eg-UnsafeDeserialization-c_33.py,0.4156
Copilot_codeql-eg-UnsafeDeserialization-c_31.py,Copilot_codeql-eg-UnsafeDeserialization-c_1.py,0.3725
Copilot_codeql-eg-UnsafeDeserialization-c_3.py,Copilot_codeql-eg-UnsafeDeserialization-c_25.py,0.5831
Copilot_codeql-eg-UnsafeDeserialization-c_3.py,Copilot_codeql-eg-UnsafeDeserialization-c_40.py,0.3451
Copilot_codeql-eg-UnsafeDeserialization-c_3.py,Copilot_codeql-eg-UnsafeDeserialization-c_11.py,0.351
Copilot_codeql-eg-UnsafeDeserialization-c_3.py,Copilot_codeql-eg-UnsafeDeserialization-c_35.py,0.3993
Copilot_codeql-eg-UnsafeDeserialization-c_3.py,Copilot_codeql-eg-UnsafeDeserialization-c_7.py,0.5831
Copilot_codeql-eg-UnsafeDeserialization-c_3.py,Copilot_codeql-eg-UnsafeDeserialization-c_8.py,0.4117
Copilot_codeql-eg-UnsafeDeserialization-c_3.py,Copilot_codeql-eg-UnsafeDeserialization-c_28.py,0.6091
Copilot_codeql-eg-UnsafeDeserialization-c_3.py,Copilot_codeql-eg-UnsafeDeserialization-c_38.py,0.6146
Copilot_codeql-eg-UnsafeDeserialization-c_3.py,Copilot_codeql-eg-UnsafeDeserialization-c_18.py,0.4117
Copilot_codeql-eg-UnsafeDeserialization-c_3.py,Copilot_codeql-eg-UnsafeDeserialization-c_19.py,0.6409
Copilot_codeql-eg-UnsafeDeserialization-c_3.py,Copilot_codeql-eg-UnsafeDeserialization-c_29.py,0.3795
Copilot_codeql-eg-UnsafeDeserialization-c_3.py,Copilot_codeql-eg-UnsafeDeserialization-c_39.py,0.4894
Copilot_codeql-eg-UnsafeDeserialization-c_3.py,Copilot_codeql-eg-UnsafeDeserialization-c_16.py,0.4117
Copilot_codeql-eg-UnsafeDeserialization-c_3.py,Copilot_codeql-eg-UnsafeDeserialization-c_22.py,0.4117
Copilot_codeql-eg-UnsafeDeserialization-c_3.py,Copilot_codeql-eg-UnsafeDeserialization-c_32.py,0.2977
Copilot_codeql-eg-UnsafeDeserialization-c_3.py,Copilot_codeql-eg-UnsafeDeserialization-c_12.py,0.3795
Copilot_codeql-eg-UnsafeDeserialization-c_3.py,Copilot_codeql-eg-UnsafeDeserialization-c_36.py,0.9899
Copilot_codeql-eg-UnsafeDeserialization-c_3.py,Copilot_codeql-eg-UnsafeDeserialization-c_4.py,0.3736
Copilot_codeql-eg-UnsafeDeserialization-c_3.py,Copilot_codeql-eg-UnsafeDeserialization-c_27.py,0.6167
Copilot_codeql-eg-UnsafeDeserialization-c_3.py,Copilot_codeql-eg-UnsafeDeserialization-c_13.py,0.3419
Copilot_codeql-eg-UnsafeDeserialization-c_3.py,Copilot_codeql-eg-UnsafeDeserialization-c_37.py,0.6091
Copilot_codeql-eg-UnsafeDeserialization-c_3.py,Copilot_codeql-eg-UnsafeDeserialization-c_5.py,0.358
Copilot_codeql-eg-UnsafeDeserialization-c_3.py,Copilot_codeql-eg-UnsafeDeserialization-c_17.py,0.4117
Copilot_codeql-eg-UnsafeDeserialization-c_3.py,Copilot_codeql-eg-UnsafeDeserialization-c_23.py,0.6004
Copilot_codeql-eg-UnsafeDeserialization-c_3.py,Copilot_codeql-eg-UnsafeDeserialization-c_33.py,0.3906
Copilot_codeql-eg-UnsafeDeserialization-c_3.py,Copilot_codeql-eg-UnsafeDeserialization-c_1.py,0.351
Copilot_codeql-eg-UnsafeDeserialization-c_25.py,Copilot_codeql-eg-UnsafeDeserialization-c_40.py,0.3802
Copilot_codeql-eg-UnsafeDeserialization-c_25.py,Copilot_codeql-eg-UnsafeDeserialization-c_11.py,0.4242
Copilot_codeql-eg-UnsafeDeserialization-c_25.py,Copilot_codeql-eg-UnsafeDeserialization-c_35.py,0.4968
Copilot_codeql-eg-UnsafeDeserialization-c_25.py,Copilot_codeql-eg-UnsafeDeserialization-c_7.py,1.0
Copilot_codeql-eg-UnsafeDeserialization-c_25.py,Copilot_codeql-eg-UnsafeDeserialization-c_8.py,0.5269
Copilot_codeql-eg-UnsafeDeserialization-c_25.py,Copilot_codeql-eg-UnsafeDeserialization-c_28.py,0.8158
Copilot_codeql-eg-UnsafeDeserialization-c_25.py,Copilot_codeql-eg-UnsafeDeserialization-c_38.py,0.7848
Copilot_codeql-eg-UnsafeDeserialization-c_25.py,Copilot_codeql-eg-UnsafeDeserialization-c_18.py,0.5269
Copilot_codeql-eg-UnsafeDeserialization-c_25.py,Copilot_codeql-eg-UnsafeDeserialization-c_19.py,0.859
Copilot_codeql-eg-UnsafeDeserialization-c_25.py,Copilot_codeql-eg-UnsafeDeserialization-c_29.py,0.4434
Copilot_codeql-eg-UnsafeDeserialization-c_25.py,Copilot_codeql-eg-UnsafeDeserialization-c_39.py,0.5513
Copilot_codeql-eg-UnsafeDeserialization-c_25.py,Copilot_codeql-eg-UnsafeDeserialization-c_16.py,0.5269
Copilot_codeql-eg-UnsafeDeserialization-c_25.py,Copilot_codeql-eg-UnsafeDeserialization-c_22.py,0.5269
Copilot_codeql-eg-UnsafeDeserialization-c_25.py,Copilot_codeql-eg-UnsafeDeserialization-c_32.py,0.3442
Copilot_codeql-eg-UnsafeDeserialization-c_25.py,Copilot_codeql-eg-UnsafeDeserialization-c_12.py,0.4434
Copilot_codeql-eg-UnsafeDeserialization-c_25.py,Copilot_codeql-eg-UnsafeDeserialization-c_36.py,0.5831
Copilot_codeql-eg-UnsafeDeserialization-c_25.py,Copilot_codeql-eg-UnsafeDeserialization-c_4.py,0.4351
Copilot_codeql-eg-UnsafeDeserialization-c_25.py,Copilot_codeql-eg-UnsafeDeserialization-c_27.py,0.8111
Copilot_codeql-eg-UnsafeDeserialization-c_25.py,Copilot_codeql-eg-UnsafeDeserialization-c_13.py,0.411
Copilot_codeql-eg-UnsafeDeserialization-c_25.py,Copilot_codeql-eg-UnsafeDeserialization-c_37.py,0.8158
Copilot_codeql-eg-UnsafeDeserialization-c_25.py,Copilot_codeql-eg-UnsafeDeserialization-c_5.py,0.4344
Copilot_codeql-eg-UnsafeDeserialization-c_25.py,Copilot_codeql-eg-UnsafeDeserialization-c_17.py,0.5269
Copilot_codeql-eg-UnsafeDeserialization-c_25.py,Copilot_codeql-eg-UnsafeDeserialization-c_23.py,0.7653
Copilot_codeql-eg-UnsafeDeserialization-c_25.py,Copilot_codeql-eg-UnsafeDeserialization-c_33.py,0.4834
Copilot_codeql-eg-UnsafeDeserialization-c_25.py,Copilot_codeql-eg-UnsafeDeserialization-c_1.py,0.4242
Copilot_codeql-eg-UnsafeDeserialization-c_40.py,Copilot_codeql-eg-UnsafeDeserialization-c_11.py,0.3401
Copilot_codeql-eg-UnsafeDeserialization-c_40.py,Copilot_codeql-eg-UnsafeDeserialization-c_35.py,0.5649
Copilot_codeql-eg-UnsafeDeserialization-c_40.py,Copilot_codeql-eg-UnsafeDeserialization-c_7.py,0.3802
Copilot_codeql-eg-UnsafeDeserialization-c_40.py,Copilot_codeql-eg-UnsafeDeserialization-c_8.py,0.3956
Copilot_codeql-eg-UnsafeDeserialization-c_40.py,Copilot_codeql-eg-UnsafeDeserialization-c_28.py,0.406
Copilot_codeql-eg-UnsafeDeserialization-c_40.py,Copilot_codeql-eg-UnsafeDeserialization-c_38.py,0.4044
Copilot_codeql-eg-UnsafeDeserialization-c_40.py,Copilot_codeql-eg-UnsafeDeserialization-c_18.py,0.3956
Copilot_codeql-eg-UnsafeDeserialization-c_40.py,Copilot_codeql-eg-UnsafeDeserialization-c_19.py,0.4122
Copilot_codeql-eg-UnsafeDeserialization-c_40.py,Copilot_codeql-eg-UnsafeDeserialization-c_29.py,0.3802
Copilot_codeql-eg-UnsafeDeserialization-c_40.py,Copilot_codeql-eg-UnsafeDeserialization-c_39.py,0.4983
Copilot_codeql-eg-UnsafeDeserialization-c_40.py,Copilot_codeql-eg-UnsafeDeserialization-c_16.py,0.3956
Copilot_codeql-eg-UnsafeDeserialization-c_40.py,Copilot_codeql-eg-UnsafeDeserialization-c_22.py,0.3956
Copilot_codeql-eg-UnsafeDeserialization-c_40.py,Copilot_codeql-eg-UnsafeDeserialization-c_32.py,0.4286
Copilot_codeql-eg-UnsafeDeserialization-c_40.py,Copilot_codeql-eg-UnsafeDeserialization-c_12.py,0.3802
Copilot_codeql-eg-UnsafeDeserialization-c_40.py,Copilot_codeql-eg-UnsafeDeserialization-c_36.py,0.3451
Copilot_codeql-eg-UnsafeDeserialization-c_40.py,Copilot_codeql-eg-UnsafeDeserialization-c_4.py,0.3745
Copilot_codeql-eg-UnsafeDeserialization-c_40.py,Copilot_codeql-eg-UnsafeDeserialization-c_27.py,0.4182
Copilot_codeql-eg-UnsafeDeserialization-c_40.py,Copilot_codeql-eg-UnsafeDeserialization-c_13.py,0.3315
Copilot_codeql-eg-UnsafeDeserialization-c_40.py,Copilot_codeql-eg-UnsafeDeserialization-c_37.py,0.406
Copilot_codeql-eg-UnsafeDeserialization-c_40.py,Copilot_codeql-eg-UnsafeDeserialization-c_5.py,0.3466
Copilot_codeql-eg-UnsafeDeserialization-c_40.py,Copilot_codeql-eg-UnsafeDeserialization-c_17.py,0.3956
Copilot_codeql-eg-UnsafeDeserialization-c_40.py,Copilot_codeql-eg-UnsafeDeserialization-c_23.py,0.39
Copilot_codeql-eg-UnsafeDeserialization-c_40.py,Copilot_codeql-eg-UnsafeDeserialization-c_33.py,0.3771
Copilot_codeql-eg-UnsafeDeserialization-c_40.py,Copilot_codeql-eg-UnsafeDeserialization-c_1.py,0.3401
Copilot_codeql-eg-UnsafeDeserialization-c_11.py,Copilot_codeql-eg-UnsafeDeserialization-c_35.py,0.4659
Copilot_codeql-eg-UnsafeDeserialization-c_11.py,Copilot_codeql-eg-UnsafeDeserialization-c_7.py,0.4242
Copilot_codeql-eg-UnsafeDeserialization-c_11.py,Copilot_codeql-eg-UnsafeDeserialization-c_8.py,0.4699
Copilot_codeql-eg-UnsafeDeserialization-c_11.py,Copilot_codeql-eg-UnsafeDeserialization-c_28.py,0.4956
Copilot_codeql-eg-UnsafeDeserialization-c_11.py,Copilot_codeql-eg-UnsafeDeserialization-c_38.py,0.4696
Copilot_codeql-eg-UnsafeDeserialization-c_11.py,Copilot_codeql-eg-UnsafeDeserialization-c_18.py,0.4699
Copilot_codeql-eg-UnsafeDeserialization-c_11.py,Copilot_codeql-eg-UnsafeDeserialization-c_19.py,0.4474
Copilot_codeql-eg-UnsafeDeserialization-c_11.py,Copilot_codeql-eg-UnsafeDeserialization-c_29.py,0.3919
Copilot_codeql-eg-UnsafeDeserialization-c_11.py,Copilot_codeql-eg-UnsafeDeserialization-c_39.py,0.3448
Copilot_codeql-eg-UnsafeDeserialization-c_11.py,Copilot_codeql-eg-UnsafeDeserialization-c_16.py,0.4699
Copilot_codeql-eg-UnsafeDeserialization-c_11.py,Copilot_codeql-eg-UnsafeDeserialization-c_22.py,0.4699
Copilot_codeql-eg-UnsafeDeserialization-c_11.py,Copilot_codeql-eg-UnsafeDeserialization-c_32.py,0.3194
Copilot_codeql-eg-UnsafeDeserialization-c_11.py,Copilot_codeql-eg-UnsafeDeserialization-c_12.py,0.3919
Copilot_codeql-eg-UnsafeDeserialization-c_11.py,Copilot_codeql-eg-UnsafeDeserialization-c_36.py,0.351
Copilot_codeql-eg-UnsafeDeserialization-c_11.py,Copilot_codeql-eg-UnsafeDeserialization-c_4.py,0.3852
Copilot_codeql-eg-UnsafeDeserialization-c_11.py,Copilot_codeql-eg-UnsafeDeserialization-c_27.py,0.4643
Copilot_codeql-eg-UnsafeDeserialization-c_11.py,Copilot_codeql-eg-UnsafeDeserialization-c_13.py,0.8817
Copilot_codeql-eg-UnsafeDeserialization-c_11.py,Copilot_codeql-eg-UnsafeDeserialization-c_37.py,0.4956
Copilot_codeql-eg-UnsafeDeserialization-c_11.py,Copilot_codeql-eg-UnsafeDeserialization-c_5.py,0.4124
Copilot_codeql-eg-UnsafeDeserialization-c_11.py,Copilot_codeql-eg-UnsafeDeserialization-c_17.py,0.4699
Copilot_codeql-eg-UnsafeDeserialization-c_11.py,Copilot_codeql-eg-UnsafeDeserialization-c_23.py,0.4621
Copilot_codeql-eg-UnsafeDeserialization-c_11.py,Copilot_codeql-eg-UnsafeDeserialization-c_33.py,0.4545
Copilot_codeql-eg-UnsafeDeserialization-c_11.py,Copilot_codeql-eg-UnsafeDeserialization-c_1.py,0.4035
Copilot_codeql-eg-UnsafeDeserialization-c_35.py,Copilot_codeql-eg-UnsafeDeserialization-c_7.py,0.4968
Copilot_codeql-eg-UnsafeDeserialization-c_35.py,Copilot_codeql-eg-UnsafeDeserialization-c_8.py,0.5695
Copilot_codeql-eg-UnsafeDeserialization-c_35.py,Copilot_codeql-eg-UnsafeDeserialization-c_28.py,0.5932
Copilot_codeql-eg-UnsafeDeserialization-c_35.py,Copilot_codeql-eg-UnsafeDeserialization-c_38.py,0.5667
Copilot_codeql-eg-UnsafeDeserialization-c_35.py,Copilot_codeql-eg-UnsafeDeserialization-c_18.py,0.5695
Copilot_codeql-eg-UnsafeDeserialization-c_35.py,Copilot_codeql-eg-UnsafeDeserialization-c_19.py,0.5289
Copilot_codeql-eg-UnsafeDeserialization-c_35.py,Copilot_codeql-eg-UnsafeDeserialization-c_29.py,0.453
Copilot_codeql-eg-UnsafeDeserialization-c_35.py,Copilot_codeql-eg-UnsafeDeserialization-c_39.py,0.3913
Copilot_codeql-eg-UnsafeDeserialization-c_35.py,Copilot_codeql-eg-UnsafeDeserialization-c_16.py,0.5695
Copilot_codeql-eg-UnsafeDeserialization-c_35.py,Copilot_codeql-eg-UnsafeDeserialization-c_22.py,0.5695
Copilot_codeql-eg-UnsafeDeserialization-c_35.py,Copilot_codeql-eg-UnsafeDeserialization-c_32.py,0.5317
Copilot_codeql-eg-UnsafeDeserialization-c_35.py,Copilot_codeql-eg-UnsafeDeserialization-c_12.py,0.453
Copilot_codeql-eg-UnsafeDeserialization-c_35.py,Copilot_codeql-eg-UnsafeDeserialization-c_36.py,0.3993
Copilot_codeql-eg-UnsafeDeserialization-c_35.py,Copilot_codeql-eg-UnsafeDeserialization-c_4.py,0.4441
Copilot_codeql-eg-UnsafeDeserialization-c_35.py,Copilot_codeql-eg-UnsafeDeserialization-c_27.py,0.5527
Copilot_codeql-eg-UnsafeDeserialization-c_35.py,Copilot_codeql-eg-UnsafeDeserialization-c_13.py,0.4344
Copilot_codeql-eg-UnsafeDeserialization-c_35.py,Copilot_codeql-eg-UnsafeDeserialization-c_37.py,0.5932
Copilot_codeql-eg-UnsafeDeserialization-c_35.py,Copilot_codeql-eg-UnsafeDeserialization-c_5.py,0.4778
Copilot_codeql-eg-UnsafeDeserialization-c_35.py,Copilot_codeql-eg-UnsafeDeserialization-c_17.py,0.5695
Copilot_codeql-eg-UnsafeDeserialization-c_35.py,Copilot_codeql-eg-UnsafeDeserialization-c_23.py,0.558
Copilot_codeql-eg-UnsafeDeserialization-c_35.py,Copilot_codeql-eg-UnsafeDeserialization-c_33.py,0.5354
Copilot_codeql-eg-UnsafeDeserialization-c_35.py,Copilot_codeql-eg-UnsafeDeserialization-c_1.py,0.4659
Copilot_codeql-eg-UnsafeDeserialization-c_7.py,Copilot_codeql-eg-UnsafeDeserialization-c_8.py,0.5269
Copilot_codeql-eg-UnsafeDeserialization-c_7.py,Copilot_codeql-eg-UnsafeDeserialization-c_28.py,0.8158
Copilot_codeql-eg-UnsafeDeserialization-c_7.py,Copilot_codeql-eg-UnsafeDeserialization-c_38.py,0.7848
Copilot_codeql-eg-UnsafeDeserialization-c_7.py,Copilot_codeql-eg-UnsafeDeserialization-c_18.py,0.5269
Copilot_codeql-eg-UnsafeDeserialization-c_7.py,Copilot_codeql-eg-UnsafeDeserialization-c_19.py,0.859
Copilot_codeql-eg-UnsafeDeserialization-c_7.py,Copilot_codeql-eg-UnsafeDeserialization-c_29.py,0.4434
Copilot_codeql-eg-UnsafeDeserialization-c_7.py,Copilot_codeql-eg-UnsafeDeserialization-c_39.py,0.5513
Copilot_codeql-eg-UnsafeDeserialization-c_7.py,Copilot_codeql-eg-UnsafeDeserialization-c_16.py,0.5269
Copilot_codeql-eg-UnsafeDeserialization-c_7.py,Copilot_codeql-eg-UnsafeDeserialization-c_22.py,0.5269
Copilot_codeql-eg-UnsafeDeserialization-c_7.py,Copilot_codeql-eg-UnsafeDeserialization-c_32.py,0.3442
Copilot_codeql-eg-UnsafeDeserialization-c_7.py,Copilot_codeql-eg-UnsafeDeserialization-c_12.py,0.4434
Copilot_codeql-eg-UnsafeDeserialization-c_7.py,Copilot_codeql-eg-UnsafeDeserialization-c_36.py,0.5831
Copilot_codeql-eg-UnsafeDeserialization-c_7.py,Copilot_codeql-eg-UnsafeDeserialization-c_4.py,0.4351
Copilot_codeql-eg-UnsafeDeserialization-c_7.py,Copilot_codeql-eg-UnsafeDeserialization-c_27.py,0.8111
Copilot_codeql-eg-UnsafeDeserialization-c_7.py,Copilot_codeql-eg-UnsafeDeserialization-c_13.py,0.411
Copilot_codeql-eg-UnsafeDeserialization-c_7.py,Copilot_codeql-eg-UnsafeDeserialization-c_37.py,0.8158
Copilot_codeql-eg-UnsafeDeserialization-c_7.py,Copilot_codeql-eg-UnsafeDeserialization-c_5.py,0.4344
Copilot_codeql-eg-UnsafeDeserialization-c_7.py,Copilot_codeql-eg-UnsafeDeserialization-c_17.py,0.5269
Copilot_codeql-eg-UnsafeDeserialization-c_7.py,Copilot_codeql-eg-UnsafeDeserialization-c_23.py,0.7653
Copilot_codeql-eg-UnsafeDeserialization-c_7.py,Copilot_codeql-eg-UnsafeDeserialization-c_33.py,0.4834
Copilot_codeql-eg-UnsafeDeserialization-c_7.py,Copilot_codeql-eg-UnsafeDeserialization-c_1.py,0.4242
Copilot_codeql-eg-UnsafeDeserialization-c_8.py,Copilot_codeql-eg-UnsafeDeserialization-c_28.py,0.6203
Copilot_codeql-eg-UnsafeDeserialization-c_8.py,Copilot_codeql-eg-UnsafeDeserialization-c_38.py,0.6562
Copilot_codeql-eg-UnsafeDeserialization-c_8.py,Copilot_codeql-eg-UnsafeDeserialization-c_18.py,1.0
Copilot_codeql-eg-UnsafeDeserialization-c_8.py,Copilot_codeql-eg-UnsafeDeserialization-c_19.py,0.5663
Copilot_codeql-eg-UnsafeDeserialization-c_8.py,Copilot_codeql-eg-UnsafeDeserialization-c_29.py,0.4744
Copilot_codeql-eg-UnsafeDeserialization-c_8.py,Copilot_codeql-eg-UnsafeDeserialization-c_39.py,0.4026
Copilot_codeql-eg-UnsafeDeserialization-c_8.py,Copilot_codeql-eg-UnsafeDeserialization-c_16.py,1.0
Copilot_codeql-eg-UnsafeDeserialization-c_8.py,Copilot_codeql-eg-UnsafeDeserialization-c_22.py,1.0
Copilot_codeql-eg-UnsafeDeserialization-c_8.py,Copilot_codeql-eg-UnsafeDeserialization-c_32.py,0.3929
Copilot_codeql-eg-UnsafeDeserialization-c_8.py,Copilot_codeql-eg-UnsafeDeserialization-c_12.py,0.4744
Copilot_codeql-eg-UnsafeDeserialization-c_8.py,Copilot_codeql-eg-UnsafeDeserialization-c_36.py,0.4117
Copilot_codeql-eg-UnsafeDeserialization-c_8.py,Copilot_codeql-eg-UnsafeDeserialization-c_4.py,0.4638
Copilot_codeql-eg-UnsafeDeserialization-c_8.py,Copilot_codeql-eg-UnsafeDeserialization-c_27.py,0.5959
Copilot_codeql-eg-UnsafeDeserialization-c_8.py,Copilot_codeql-eg-UnsafeDeserialization-c_13.py,0.4525
Copilot_codeql-eg-UnsafeDeserialization-c_8.py,Copilot_codeql-eg-UnsafeDeserialization-c_37.py,0.6203
Copilot_codeql-eg-UnsafeDeserialization-c_8.py,Copilot_codeql-eg-UnsafeDeserialization-c_5.py,0.4836
Copilot_codeql-eg-UnsafeDeserialization-c_8.py,Copilot_codeql-eg-UnsafeDeserialization-c_17.py,1.0
Copilot_codeql-eg-UnsafeDeserialization-c_8.py,Copilot_codeql-eg-UnsafeDeserialization-c_23.py,0.6596
Copilot_codeql-eg-UnsafeDeserialization-c_8.py,Copilot_codeql-eg-UnsafeDeserialization-c_33.py,0.5507
Copilot_codeql-eg-UnsafeDeserialization-c_8.py,Copilot_codeql-eg-UnsafeDeserialization-c_1.py,0.4699
Copilot_codeql-eg-UnsafeDeserialization-c_28.py,Copilot_codeql-eg-UnsafeDeserialization-c_38.py,0.9203
Copilot_codeql-eg-UnsafeDeserialization-c_28.py,Copilot_codeql-eg-UnsafeDeserialization-c_18.py,0.6203
Copilot_codeql-eg-UnsafeDeserialization-c_28.py,Copilot_codeql-eg-UnsafeDeserialization-c_19.py,0.8725
Copilot_codeql-eg-UnsafeDeserialization-c_28.py,Copilot_codeql-eg-UnsafeDeserialization-c_29.py,0.4821
Copilot_codeql-eg-UnsafeDeserialization-c_28.py,Copilot_codeql-eg-UnsafeDeserialization-c_39.py,0.5963
Copilot_codeql-eg-UnsafeDeserialization-c_28.py,Copilot_codeql-eg-UnsafeDeserialization-c_16.py,0.6203
Copilot_codeql-eg-UnsafeDeserialization-c_28.py,Copilot_codeql-eg-UnsafeDeserialization-c_22.py,0.6203
Copilot_codeql-eg-UnsafeDeserialization-c_28.py,Copilot_codeql-eg-UnsafeDeserialization-c_32.py,0.381
Copilot_codeql-eg-UnsafeDeserialization-c_28.py,Copilot_codeql-eg-UnsafeDeserialization-c_12.py,0.4821
Copilot_codeql-eg-UnsafeDeserialization-c_28.py,Copilot_codeql-eg-UnsafeDeserialization-c_36.py,0.6091
Copilot_codeql-eg-UnsafeDeserialization-c_28.py,Copilot_codeql-eg-UnsafeDeserialization-c_4.py,0.472
Copilot_codeql-eg-UnsafeDeserialization-c_28.py,Copilot_codeql-eg-UnsafeDeserialization-c_27.py,0.9149
Copilot_codeql-eg-UnsafeDeserialization-c_28.py,Copilot_codeql-eg-UnsafeDeserialization-c_13.py,0.4611
Copilot_codeql-eg-UnsafeDeserialization-c_28.py,Copilot_codeql-eg-UnsafeDeserialization-c_37.py,1.0
Copilot_codeql-eg-UnsafeDeserialization-c_28.py,Copilot_codeql-eg-UnsafeDeserialization-c_5.py,0.5091
Copilot_codeql-eg-UnsafeDeserialization-c_28.py,Copilot_codeql-eg-UnsafeDeserialization-c_17.py,0.6203
Copilot_codeql-eg-UnsafeDeserialization-c_28.py,Copilot_codeql-eg-UnsafeDeserialization-c_23.py,0.8981
Copilot_codeql-eg-UnsafeDeserialization-c_28.py,Copilot_codeql-eg-UnsafeDeserialization-c_33.py,0.5749
Copilot_codeql-eg-UnsafeDeserialization-c_28.py,Copilot_codeql-eg-UnsafeDeserialization-c_1.py,0.4956
Copilot_codeql-eg-UnsafeDeserialization-c_38.py,Copilot_codeql-eg-UnsafeDeserialization-c_18.py,0.6562
Copilot_codeql-eg-UnsafeDeserialization-c_38.py,Copilot_codeql-eg-UnsafeDeserialization-c_19.py,0.842
Copilot_codeql-eg-UnsafeDeserialization-c_38.py,Copilot_codeql-eg-UnsafeDeserialization-c_29.py,0.474
Copilot_codeql-eg-UnsafeDeserialization-c_38.py,Copilot_codeql-eg-UnsafeDeserialization-c_39.py,0.6013
Copilot_codeql-eg-UnsafeDeserialization-c_38.py,Copilot_codeql-eg-UnsafeDeserialization-c_16.py,0.6562
Copilot_codeql-eg-UnsafeDeserialization-c_38.py,Copilot_codeql-eg-UnsafeDeserialization-c_22.py,0.6562
Copilot_codeql-eg-UnsafeDeserialization-c_38.py,Copilot_codeql-eg-UnsafeDeserialization-c_32.py,0.394
Copilot_codeql-eg-UnsafeDeserialization-c_38.py,Copilot_codeql-eg-UnsafeDeserialization-c_12.py,0.474
Copilot_codeql-eg-UnsafeDeserialization-c_38.py,Copilot_codeql-eg-UnsafeDeserialization-c_36.py,0.6146
Copilot_codeql-eg-UnsafeDeserialization-c_38.py,Copilot_codeql-eg-UnsafeDeserialization-c_4.py,0.4636
Copilot_codeql-eg-UnsafeDeserialization-c_38.py,Copilot_codeql-eg-UnsafeDeserialization-c_27.py,0.885
Copilot_codeql-eg-UnsafeDeserialization-c_38.py,Copilot_codeql-eg-UnsafeDeserialization-c_13.py,0.4525
Copilot_codeql-eg-UnsafeDeserialization-c_38.py,Copilot_codeql-eg-UnsafeDeserialization-c_37.py,0.9203
Copilot_codeql-eg-UnsafeDeserialization-c_38.py,Copilot_codeql-eg-UnsafeDeserialization-c_5.py,0.483
Copilot_codeql-eg-UnsafeDeserialization-c_38.py,Copilot_codeql-eg-UnsafeDeserialization-c_17.py,0.6562
Copilot_codeql-eg-UnsafeDeserialization-c_38.py,Copilot_codeql-eg-UnsafeDeserialization-c_23.py,0.9487
Copilot_codeql-eg-UnsafeDeserialization-c_38.py,Copilot_codeql-eg-UnsafeDeserialization-c_33.py,0.5484
Copilot_codeql-eg-UnsafeDeserialization-c_38.py,Copilot_codeql-eg-UnsafeDeserialization-c_1.py,0.4696
Copilot_codeql-eg-UnsafeDeserialization-c_18.py,Copilot_codeql-eg-UnsafeDeserialization-c_19.py,0.5663
Copilot_codeql-eg-UnsafeDeserialization-c_18.py,Copilot_codeql-eg-UnsafeDeserialization-c_29.py,0.4744
Copilot_codeql-eg-UnsafeDeserialization-c_18.py,Copilot_codeql-eg-UnsafeDeserialization-c_39.py,0.4026
Copilot_codeql-eg-UnsafeDeserialization-c_18.py,Copilot_codeql-eg-UnsafeDeserialization-c_16.py,1.0
Copilot_codeql-eg-UnsafeDeserialization-c_18.py,Copilot_codeql-eg-UnsafeDeserialization-c_22.py,1.0
Copilot_codeql-eg-UnsafeDeserialization-c_18.py,Copilot_codeql-eg-UnsafeDeserialization-c_32.py,0.3929
Copilot_codeql-eg-UnsafeDeserialization-c_18.py,Copilot_codeql-eg-UnsafeDeserialization-c_12.py,0.4744
Copilot_codeql-eg-UnsafeDeserialization-c_18.py,Copilot_codeql-eg-UnsafeDeserialization-c_36.py,0.4117
Copilot_codeql-eg-UnsafeDeserialization-c_18.py,Copilot_codeql-eg-UnsafeDeserialization-c_4.py,0.4638
Copilot_codeql-eg-UnsafeDeserialization-c_18.py,Copilot_codeql-eg-UnsafeDeserialization-c_27.py,0.5959
Copilot_codeql-eg-UnsafeDeserialization-c_18.py,Copilot_codeql-eg-UnsafeDeserialization-c_13.py,0.4525
Copilot_codeql-eg-UnsafeDeserialization-c_18.py,Copilot_codeql-eg-UnsafeDeserialization-c_37.py,0.6203
Copilot_codeql-eg-UnsafeDeserialization-c_18.py,Copilot_codeql-eg-UnsafeDeserialization-c_5.py,0.4836
Copilot_codeql-eg-UnsafeDeserialization-c_18.py,Copilot_codeql-eg-UnsafeDeserialization-c_17.py,1.0
Copilot_codeql-eg-UnsafeDeserialization-c_18.py,Copilot_codeql-eg-UnsafeDeserialization-c_23.py,0.6596
Copilot_codeql-eg-UnsafeDeserialization-c_18.py,Copilot_codeql-eg-UnsafeDeserialization-c_33.py,0.5507
Copilot_codeql-eg-UnsafeDeserialization-c_18.py,Copilot_codeql-eg-UnsafeDeserialization-c_1.py,0.4699
Copilot_codeql-eg-UnsafeDeserialization-c_19.py,Copilot_codeql-eg-UnsafeDeserialization-c_29.py,0.4845
Copilot_codeql-eg-UnsafeDeserialization-c_19.py,Copilot_codeql-eg-UnsafeDeserialization-c_39.py,0.5921
Copilot_codeql-eg-UnsafeDeserialization-c_19.py,Copilot_codeql-eg-UnsafeDeserialization-c_16.py,0.5663
Copilot_codeql-eg-UnsafeDeserialization-c_19.py,Copilot_codeql-eg-UnsafeDeserialization-c_22.py,0.5663
Copilot_codeql-eg-UnsafeDeserialization-c_19.py,Copilot_codeql-eg-UnsafeDeserialization-c_32.py,0.3603
Copilot_codeql-eg-UnsafeDeserialization-c_19.py,Copilot_codeql-eg-UnsafeDeserialization-c_12.py,0.4845
Copilot_codeql-eg-UnsafeDeserialization-c_19.py,Copilot_codeql-eg-UnsafeDeserialization-c_36.py,0.6409
Copilot_codeql-eg-UnsafeDeserialization-c_19.py,Copilot_codeql-eg-UnsafeDeserialization-c_4.py,0.475
Copilot_codeql-eg-UnsafeDeserialization-c_19.py,Copilot_codeql-eg-UnsafeDeserialization-c_27.py,0.9104
Copilot_codeql-eg-UnsafeDeserialization-c_19.py,Copilot_codeql-eg-UnsafeDeserialization-c_13.py,0.4327
Copilot_codeql-eg-UnsafeDeserialization-c_19.py,Copilot_codeql-eg-UnsafeDeserialization-c_37.py,0.8725
Copilot_codeql-eg-UnsafeDeserialization-c_19.py,Copilot_codeql-eg-UnsafeDeserialization-c_5.py,0.4588
Copilot_codeql-eg-UnsafeDeserialization-c_19.py,Copilot_codeql-eg-UnsafeDeserialization-c_17.py,0.5663
Copilot_codeql-eg-UnsafeDeserialization-c_19.py,Copilot_codeql-eg-UnsafeDeserialization-c_23.py,0.8213
Copilot_codeql-eg-UnsafeDeserialization-c_19.py,Copilot_codeql-eg-UnsafeDeserialization-c_33.py,0.5138
Copilot_codeql-eg-UnsafeDeserialization-c_19.py,Copilot_codeql-eg-UnsafeDeserialization-c_1.py,0.4474
Copilot_codeql-eg-UnsafeDeserialization-c_29.py,Copilot_codeql-eg-UnsafeDeserialization-c_39.py,0.3856
Copilot_codeql-eg-UnsafeDeserialization-c_29.py,Copilot_codeql-eg-UnsafeDeserialization-c_16.py,0.4744
Copilot_codeql-eg-UnsafeDeserialization-c_29.py,Copilot_codeql-eg-UnsafeDeserialization-c_22.py,0.4744
Copilot_codeql-eg-UnsafeDeserialization-c_29.py,Copilot_codeql-eg-UnsafeDeserialization-c_32.py,0.3215
Copilot_codeql-eg-UnsafeDeserialization-c_29.py,Copilot_codeql-eg-UnsafeDeserialization-c_12.py,1.0
Copilot_codeql-eg-UnsafeDeserialization-c_29.py,Copilot_codeql-eg-UnsafeDeserialization-c_36.py,0.3795
Copilot_codeql-eg-UnsafeDeserialization-c_29.py,Copilot_codeql-eg-UnsafeDeserialization-c_4.py,0.8966
Copilot_codeql-eg-UnsafeDeserialization-c_29.py,Copilot_codeql-eg-UnsafeDeserialization-c_27.py,0.4944
Copilot_codeql-eg-UnsafeDeserialization-c_29.py,Copilot_codeql-eg-UnsafeDeserialization-c_13.py,0.3805
Copilot_codeql-eg-UnsafeDeserialization-c_29.py,Copilot_codeql-eg-UnsafeDeserialization-c_37.py,0.4821
Copilot_codeql-eg-UnsafeDeserialization-c_29.py,Copilot_codeql-eg-UnsafeDeserialization-c_5.py,0.8724
Copilot_codeql-eg-UnsafeDeserialization-c_29.py,Copilot_codeql-eg-UnsafeDeserialization-c_17.py,0.4744
Copilot_codeql-eg-UnsafeDeserialization-c_29.py,Copilot_codeql-eg-UnsafeDeserialization-c_23.py,0.4664
Copilot_codeql-eg-UnsafeDeserialization-c_29.py,Copilot_codeql-eg-UnsafeDeserialization-c_33.py,0.4419
Copilot_codeql-eg-UnsafeDeserialization-c_29.py,Copilot_codeql-eg-UnsafeDeserialization-c_1.py,0.7925
Copilot_codeql-eg-UnsafeDeserialization-c_39.py,Copilot_codeql-eg-UnsafeDeserialization-c_16.py,0.4026
Copilot_codeql-eg-UnsafeDeserialization-c_39.py,Copilot_codeql-eg-UnsafeDeserialization-c_22.py,0.4026
Copilot_codeql-eg-UnsafeDeserialization-c_39.py,Copilot_codeql-eg-UnsafeDeserialization-c_32.py,0.293
Copilot_codeql-eg-UnsafeDeserialization-c_39.py,Copilot_codeql-eg-UnsafeDeserialization-c_12.py,0.3856
Copilot_codeql-eg-UnsafeDeserialization-c_39.py,Copilot_codeql-eg-UnsafeDeserialization-c_36.py,0.4894
Copilot_codeql-eg-UnsafeDeserialization-c_39.py,Copilot_codeql-eg-UnsafeDeserialization-c_4.py,0.3797
Copilot_codeql-eg-UnsafeDeserialization-c_39.py,Copilot_codeql-eg-UnsafeDeserialization-c_27.py,0.604
Copilot_codeql-eg-UnsafeDeserialization-c_39.py,Copilot_codeql-eg-UnsafeDeserialization-c_13.py,0.336
Copilot_codeql-eg-UnsafeDeserialization-c_39.py,Copilot_codeql-eg-UnsafeDeserialization-c_37.py,0.5963
Copilot_codeql-eg-UnsafeDeserialization-c_39.py,Copilot_codeql-eg-UnsafeDeserialization-c_5.py,0.3516
Copilot_codeql-eg-UnsafeDeserialization-c_39.py,Copilot_codeql-eg-UnsafeDeserialization-c_17.py,0.4026
Copilot_codeql-eg-UnsafeDeserialization-c_39.py,Copilot_codeql-eg-UnsafeDeserialization-c_23.py,0.5873
Copilot_codeql-eg-UnsafeDeserialization-c_39.py,Copilot_codeql-eg-UnsafeDeserialization-c_33.py,0.383
Copilot_codeql-eg-UnsafeDeserialization-c_39.py,Copilot_codeql-eg-UnsafeDeserialization-c_1.py,0.3448
Copilot_codeql-eg-UnsafeDeserialization-c_16.py,Copilot_codeql-eg-UnsafeDeserialization-c_22.py,1.0
Copilot_codeql-eg-UnsafeDeserialization-c_16.py,Copilot_codeql-eg-UnsafeDeserialization-c_32.py,0.3929
Copilot_codeql-eg-UnsafeDeserialization-c_16.py,Copilot_codeql-eg-UnsafeDeserialization-c_12.py,0.4744
Copilot_codeql-eg-UnsafeDeserialization-c_16.py,Copilot_codeql-eg-UnsafeDeserialization-c_36.py,0.4117
Copilot_codeql-eg-UnsafeDeserialization-c_16.py,Copilot_codeql-eg-UnsafeDeserialization-c_4.py,0.4638
Copilot_codeql-eg-UnsafeDeserialization-c_16.py,Copilot_codeql-eg-UnsafeDeserialization-c_27.py,0.5959
Copilot_codeql-eg-UnsafeDeserialization-c_16.py,Copilot_codeql-eg-UnsafeDeserialization-c_13.py,0.4525
Copilot_codeql-eg-UnsafeDeserialization-c_16.py,Copilot_codeql-eg-UnsafeDeserialization-c_37.py,0.6203
Copilot_codeql-eg-UnsafeDeserialization-c_16.py,Copilot_codeql-eg-UnsafeDeserialization-c_5.py,0.4836
Copilot_codeql-eg-UnsafeDeserialization-c_16.py,Copilot_codeql-eg-UnsafeDeserialization-c_17.py,1.0
Copilot_codeql-eg-UnsafeDeserialization-c_16.py,Copilot_codeql-eg-UnsafeDeserialization-c_23.py,0.6596
Copilot_codeql-eg-UnsafeDeserialization-c_16.py,Copilot_codeql-eg-UnsafeDeserialization-c_33.py,0.5507
Copilot_codeql-eg-UnsafeDeserialization-c_16.py,Copilot_codeql-eg-UnsafeDeserialization-c_1.py,0.4699
Copilot_codeql-eg-UnsafeDeserialization-c_22.py,Copilot_codeql-eg-UnsafeDeserialization-c_32.py,0.3929
Copilot_codeql-eg-UnsafeDeserialization-c_22.py,Copilot_codeql-eg-UnsafeDeserialization-c_12.py,0.4744
Copilot_codeql-eg-UnsafeDeserialization-c_22.py,Copilot_codeql-eg-UnsafeDeserialization-c_36.py,0.4117
Copilot_codeql-eg-UnsafeDeserialization-c_22.py,Copilot_codeql-eg-UnsafeDeserialization-c_4.py,0.4638
Copilot_codeql-eg-UnsafeDeserialization-c_22.py,Copilot_codeql-eg-UnsafeDeserialization-c_27.py,0.5959
Copilot_codeql-eg-UnsafeDeserialization-c_22.py,Copilot_codeql-eg-UnsafeDeserialization-c_13.py,0.4525
Copilot_codeql-eg-UnsafeDeserialization-c_22.py,Copilot_codeql-eg-UnsafeDeserialization-c_37.py,0.6203
Copilot_codeql-eg-UnsafeDeserialization-c_22.py,Copilot_codeql-eg-UnsafeDeserialization-c_5.py,0.4836
Copilot_codeql-eg-UnsafeDeserialization-c_22.py,Copilot_codeql-eg-UnsafeDeserialization-c_17.py,1.0
Copilot_codeql-eg-UnsafeDeserialization-c_22.py,Copilot_codeql-eg-UnsafeDeserialization-c_23.py,0.6596
Copilot_codeql-eg-UnsafeDeserialization-c_22.py,Copilot_codeql-eg-UnsafeDeserialization-c_33.py,0.5507
Copilot_codeql-eg-UnsafeDeserialization-c_22.py,Copilot_codeql-eg-UnsafeDeserialization-c_1.py,0.4699
Copilot_codeql-eg-UnsafeDeserialization-c_32.py,Copilot_codeql-eg-UnsafeDeserialization-c_12.py,0.3215
Copilot_codeql-eg-UnsafeDeserialization-c_32.py,Copilot_codeql-eg-UnsafeDeserialization-c_36.py,0.2977
Copilot_codeql-eg-UnsafeDeserialization-c_32.py,Copilot_codeql-eg-UnsafeDeserialization-c_4.py,0.3167
Copilot_codeql-eg-UnsafeDeserialization-c_32.py,Copilot_codeql-eg-UnsafeDeserialization-c_27.py,0.3719
Copilot_codeql-eg-UnsafeDeserialization-c_32.py,Copilot_codeql-eg-UnsafeDeserialization-c_13.py,0.3115
Copilot_codeql-eg-UnsafeDeserialization-c_32.py,Copilot_codeql-eg-UnsafeDeserialization-c_37.py,0.381
Copilot_codeql-eg-UnsafeDeserialization-c_32.py,Copilot_codeql-eg-UnsafeDeserialization-c_5.py,0.3256
Copilot_codeql-eg-UnsafeDeserialization-c_32.py,Copilot_codeql-eg-UnsafeDeserialization-c_17.py,0.3929
Copilot_codeql-eg-UnsafeDeserialization-c_32.py,Copilot_codeql-eg-UnsafeDeserialization-c_23.py,0.3874
Copilot_codeql-eg-UnsafeDeserialization-c_32.py,Copilot_codeql-eg-UnsafeDeserialization-c_33.py,0.354
Copilot_codeql-eg-UnsafeDeserialization-c_32.py,Copilot_codeql-eg-UnsafeDeserialization-c_1.py,0.3194
Copilot_codeql-eg-UnsafeDeserialization-c_12.py,Copilot_codeql-eg-UnsafeDeserialization-c_36.py,0.3795
Copilot_codeql-eg-UnsafeDeserialization-c_12.py,Copilot_codeql-eg-UnsafeDeserialization-c_4.py,0.8966
Copilot_codeql-eg-UnsafeDeserialization-c_12.py,Copilot_codeql-eg-UnsafeDeserialization-c_27.py,0.4944
Copilot_codeql-eg-UnsafeDeserialization-c_12.py,Copilot_codeql-eg-UnsafeDeserialization-c_13.py,0.3805
Copilot_codeql-eg-UnsafeDeserialization-c_12.py,Copilot_codeql-eg-UnsafeDeserialization-c_37.py,0.4821
Copilot_codeql-eg-UnsafeDeserialization-c_12.py,Copilot_codeql-eg-UnsafeDeserialization-c_5.py,0.8724
Copilot_codeql-eg-UnsafeDeserialization-c_12.py,Copilot_codeql-eg-UnsafeDeserialization-c_17.py,0.4744
Copilot_codeql-eg-UnsafeDeserialization-c_12.py,Copilot_codeql-eg-UnsafeDeserialization-c_23.py,0.4664
Copilot_codeql-eg-UnsafeDeserialization-c_12.py,Copilot_codeql-eg-UnsafeDeserialization-c_33.py,0.4419
Copilot_codeql-eg-UnsafeDeserialization-c_12.py,Copilot_codeql-eg-UnsafeDeserialization-c_1.py,0.7925
Copilot_codeql-eg-UnsafeDeserialization-c_36.py,Copilot_codeql-eg-UnsafeDeserialization-c_4.py,0.3736
Copilot_codeql-eg-UnsafeDeserialization-c_36.py,Copilot_codeql-eg-UnsafeDeserialization-c_27.py,0.6167
Copilot_codeql-eg-UnsafeDeserialization-c_36.py,Copilot_codeql-eg-UnsafeDeserialization-c_13.py,0.3419
Copilot_codeql-eg-UnsafeDeserialization-c_36.py,Copilot_codeql-eg-UnsafeDeserialization-c_37.py,0.6091
Copilot_codeql-eg-UnsafeDeserialization-c_36.py,Copilot_codeql-eg-UnsafeDeserialization-c_5.py,0.358
Copilot_codeql-eg-UnsafeDeserialization-c_36.py,Copilot_codeql-eg-UnsafeDeserialization-c_17.py,0.4117
Copilot_codeql-eg-UnsafeDeserialization-c_36.py,Copilot_codeql-eg-UnsafeDeserialization-c_23.py,0.6004
Copilot_codeql-eg-UnsafeDeserialization-c_36.py,Copilot_codeql-eg-UnsafeDeserialization-c_33.py,0.3906
Copilot_codeql-eg-UnsafeDeserialization-c_36.py,Copilot_codeql-eg-UnsafeDeserialization-c_1.py,0.351
Copilot_codeql-eg-UnsafeDeserialization-c_4.py,Copilot_codeql-eg-UnsafeDeserialization-c_27.py,0.4843
Copilot_codeql-eg-UnsafeDeserialization-c_4.py,Copilot_codeql-eg-UnsafeDeserialization-c_13.py,0.3742
Copilot_codeql-eg-UnsafeDeserialization-c_4.py,Copilot_codeql-eg-UnsafeDeserialization-c_37.py,0.472
Copilot_codeql-eg-UnsafeDeserialization-c_4.py,Copilot_codeql-eg-UnsafeDeserialization-c_5.py,0.7697
Copilot_codeql-eg-UnsafeDeserialization-c_4.py,Copilot_codeql-eg-UnsafeDeserialization-c_17.py,0.4638
Copilot_codeql-eg-UnsafeDeserialization-c_4.py,Copilot_codeql-eg-UnsafeDeserialization-c_23.py,0.4562
Copilot_codeql-eg-UnsafeDeserialization-c_4.py,Copilot_codeql-eg-UnsafeDeserialization-c_33.py,0.4334
Copilot_codeql-eg-UnsafeDeserialization-c_4.py,Copilot_codeql-eg-UnsafeDeserialization-c_1.py,0.7361
Copilot_codeql-eg-UnsafeDeserialization-c_27.py,Copilot_codeql-eg-UnsafeDeserialization-c_13.py,0.4485
Copilot_codeql-eg-UnsafeDeserialization-c_27.py,Copilot_codeql-eg-UnsafeDeserialization-c_37.py,0.9149
Copilot_codeql-eg-UnsafeDeserialization-c_27.py,Copilot_codeql-eg-UnsafeDeserialization-c_5.py,0.4766
Copilot_codeql-eg-UnsafeDeserialization-c_27.py,Copilot_codeql-eg-UnsafeDeserialization-c_17.py,0.5959
Copilot_codeql-eg-UnsafeDeserialization-c_27.py,Copilot_codeql-eg-UnsafeDeserialization-c_23.py,0.8635
Copilot_codeql-eg-UnsafeDeserialization-c_27.py,Copilot_codeql-eg-UnsafeDeserialization-c_33.py,0.5362
Copilot_codeql-eg-UnsafeDeserialization-c_27.py,Copilot_codeql-eg-UnsafeDeserialization-c_1.py,0.4643
Copilot_codeql-eg-UnsafeDeserialization-c_13.py,Copilot_codeql-eg-UnsafeDeserialization-c_37.py,0.4611
Copilot_codeql-eg-UnsafeDeserialization-c_13.py,Copilot_codeql-eg-UnsafeDeserialization-c_5.py,0.386
Copilot_codeql-eg-UnsafeDeserialization-c_13.py,Copilot_codeql-eg-UnsafeDeserialization-c_17.py,0.4525
Copilot_codeql-eg-UnsafeDeserialization-c_13.py,Copilot_codeql-eg-UnsafeDeserialization-c_23.py,0.4452
Copilot_codeql-eg-UnsafeDeserialization-c_13.py,Copilot_codeql-eg-UnsafeDeserialization-c_33.py,0.4242
Copilot_codeql-eg-UnsafeDeserialization-c_13.py,Copilot_codeql-eg-UnsafeDeserialization-c_1.py,0.3779
Copilot_codeql-eg-UnsafeDeserialization-c_37.py,Copilot_codeql-eg-UnsafeDeserialization-c_5.py,0.5091
Copilot_codeql-eg-UnsafeDeserialization-c_37.py,Copilot_codeql-eg-UnsafeDeserialization-c_17.py,0.6203
Copilot_codeql-eg-UnsafeDeserialization-c_37.py,Copilot_codeql-eg-UnsafeDeserialization-c_23.py,0.8981
Copilot_codeql-eg-UnsafeDeserialization-c_37.py,Copilot_codeql-eg-UnsafeDeserialization-c_33.py,0.5749
Copilot_codeql-eg-UnsafeDeserialization-c_37.py,Copilot_codeql-eg-UnsafeDeserialization-c_1.py,0.4956
Copilot_codeql-eg-UnsafeDeserialization-c_5.py,Copilot_codeql-eg-UnsafeDeserialization-c_17.py,0.4836
Copilot_codeql-eg-UnsafeDeserialization-c_5.py,Copilot_codeql-eg-UnsafeDeserialization-c_23.py,0.4753
Copilot_codeql-eg-UnsafeDeserialization-c_5.py,Copilot_codeql-eg-UnsafeDeserialization-c_33.py,0.4659
Copilot_codeql-eg-UnsafeDeserialization-c_5.py,Copilot_codeql-eg-UnsafeDeserialization-c_1.py,0.9161
Copilot_codeql-eg-UnsafeDeserialization-c_17.py,Copilot_codeql-eg-UnsafeDeserialization-c_23.py,0.6596
Copilot_codeql-eg-UnsafeDeserialization-c_17.py,Copilot_codeql-eg-UnsafeDeserialization-c_33.py,0.5507
Copilot_codeql-eg-UnsafeDeserialization-c_17.py,Copilot_codeql-eg-UnsafeDeserialization-c_1.py,0.4699
Copilot_codeql-eg-UnsafeDeserialization-c_23.py,Copilot_codeql-eg-UnsafeDeserialization-c_33.py,0.54
Copilot_codeql-eg-UnsafeDeserialization-c_23.py,Copilot_codeql-eg-UnsafeDeserialization-c_1.py,0.4621
Copilot_codeql-eg-UnsafeDeserialization-c_33.py,Copilot_codeql-eg-UnsafeDeserialization-c_1.py,0.4545
