unique_solution_0_4_5.py,unique_solution_0_4_1.py,0.5976
unique_solution_0_4_5.py,unique_solution_0_4_4.py,0.6112
unique_solution_0_4_5.py,unique_solution_0_0_7.py,0.6112
unique_solution_0_4_5.py,unique_solution_0_2_1.py,0.5976
unique_solution_0_4_5.py,unique_solution_0_2_11.py,1.0
unique_solution_0_4_5.py,unique_solution_0_3_4.py,0.5976
unique_solution_0_4_5.py,unique_solution_0_2_5.py,1.0
unique_solution_0_4_5.py,unique_solution_0_1_2.py,1.0
unique_solution_0_4_5.py,unique_solution_0_0_2.py,0.5976
unique_solution_0_4_5.py,unique_solution_0_3_5.py,0.5976
unique_solution_0_4_5.py,unique_solution_0_2_4.py,0.5976
unique_solution_0_4_5.py,unique_solution_0_1_3.py,0.6112
unique_solution_0_4_5.py,unique_solution_0_3_1.py,0.5976
unique_solution_0_4_5.py,unique_solution_0_0_6.py,0.6255
unique_solution_0_4_5.py,unique_solution_0_2_10.py,0.5976
unique_solution_0_4_5.py,unique_solution_0_0_1.py,0.5976
unique_solution_0_4_5.py,unique_solution_0_3_6.py,0.6255
unique_solution_0_4_5.py,unique_solution_0_2_7.py,0.5976
unique_solution_0_4_5.py,unique_solution_0_3_2.py,0.6112
unique_solution_0_4_5.py,unique_solution_0_0_5.py,0.8322
unique_solution_0_4_5.py,unique_solution_0_1_4.py,1.0
unique_solution_0_4_5.py,unique_solution_0_2_3.py,0.5976
unique_solution_0_4_5.py,unique_solution_0_3_3.py,0.6112
unique_solution_0_4_5.py,unique_solution_0_2_2.py,0.5976
unique_solution_0_4_5.py,unique_solution_0_2_12.py,0.6112
unique_solution_0_4_5.py,unique_solution_0_2_6.py,0.6112
unique_solution_0_4_5.py,unique_solution_0_1_1.py,0.5976
unique_solution_0_4_5.py,unique_solution_0_4_3.py,0.572
unique_solution_0_4_5.py,unique_solution_0_2_9.py,0.5976
unique_solution_0_4_5.py,unique_solution_0_4_6.py,1.0
unique_solution_0_4_5.py,unique_solution_0_2_8.py,0.5976
unique_solution_0_4_5.py,unique_solution_0_4_2.py,0.5976
unique_solution_0_4_1.py,unique_solution_0_4_4.py,0.6112
unique_solution_0_4_1.py,unique_solution_0_0_7.py,0.6112
unique_solution_0_4_1.py,unique_solution_0_2_1.py,1.0
unique_solution_0_4_1.py,unique_solution_0_2_11.py,0.5976
unique_solution_0_4_1.py,unique_solution_0_3_4.py,1.0
unique_solution_0_4_1.py,unique_solution_0_2_5.py,0.5976
unique_solution_0_4_1.py,unique_solution_0_1_2.py,0.5976
unique_solution_0_4_1.py,unique_solution_0_0_2.py,1.0
unique_solution_0_4_1.py,unique_solution_0_3_5.py,1.0
unique_solution_0_4_1.py,unique_solution_0_2_4.py,1.0
unique_solution_0_4_1.py,unique_solution_0_1_3.py,0.6112
unique_solution_0_4_1.py,unique_solution_0_3_1.py,1.0
unique_solution_0_4_1.py,unique_solution_0_0_6.py,0.6255
unique_solution_0_4_1.py,unique_solution_0_2_10.py,1.0
unique_solution_0_4_1.py,unique_solution_0_0_1.py,1.0
unique_solution_0_4_1.py,unique_solution_0_3_6.py,0.6255
unique_solution_0_4_1.py,unique_solution_0_2_7.py,1.0
unique_solution_0_4_1.py,unique_solution_0_3_2.py,0.6112
unique_solution_0_4_1.py,unique_solution_0_0_5.py,0.6405
unique_solution_0_4_1.py,unique_solution_0_1_4.py,0.5976
unique_solution_0_4_1.py,unique_solution_0_2_3.py,1.0
unique_solution_0_4_1.py,unique_solution_0_3_3.py,0.6112
unique_solution_0_4_1.py,unique_solution_0_2_2.py,1.0
unique_solution_0_4_1.py,unique_solution_0_2_12.py,0.6112
unique_solution_0_4_1.py,unique_solution_0_2_6.py,0.6112
unique_solution_0_4_1.py,unique_solution_0_1_1.py,1.0
unique_solution_0_4_1.py,unique_solution_0_4_3.py,0.572
unique_solution_0_4_1.py,unique_solution_0_2_9.py,1.0
unique_solution_0_4_1.py,unique_solution_0_4_6.py,0.5976
unique_solution_0_4_1.py,unique_solution_0_2_8.py,1.0
unique_solution_0_4_1.py,unique_solution_0_4_2.py,1.0
unique_solution_0_4_4.py,unique_solution_0_0_7.py,1.0
unique_solution_0_4_4.py,unique_solution_0_2_1.py,0.6112
unique_solution_0_4_4.py,unique_solution_0_2_11.py,0.6112
unique_solution_0_4_4.py,unique_solution_0_3_4.py,0.6112
unique_solution_0_4_4.py,unique_solution_0_2_5.py,0.6112
unique_solution_0_4_4.py,unique_solution_0_1_2.py,0.6112
unique_solution_0_4_4.py,unique_solution_0_0_2.py,0.6112
unique_solution_0_4_4.py,unique_solution_0_3_5.py,0.6112
unique_solution_0_4_4.py,unique_solution_0_2_4.py,0.6112
unique_solution_0_4_4.py,unique_solution_0_1_3.py,1.0
unique_solution_0_4_4.py,unique_solution_0_3_1.py,0.6112
unique_solution_0_4_4.py,unique_solution_0_0_6.py,0.6405
unique_solution_0_4_4.py,unique_solution_0_2_10.py,0.6112
unique_solution_0_4_4.py,unique_solution_0_0_1.py,0.6112
unique_solution_0_4_4.py,unique_solution_0_3_6.py,0.6405
unique_solution_0_4_4.py,unique_solution_0_2_7.py,0.6112
unique_solution_0_4_4.py,unique_solution_0_3_2.py,1.0
unique_solution_0_4_4.py,unique_solution_0_0_5.py,0.6562
unique_solution_0_4_4.py,unique_solution_0_1_4.py,0.6112
unique_solution_0_4_4.py,unique_solution_0_2_3.py,0.6112
unique_solution_0_4_4.py,unique_solution_0_3_3.py,1.0
unique_solution_0_4_4.py,unique_solution_0_2_2.py,0.6112
unique_solution_0_4_4.py,unique_solution_0_2_12.py,1.0
unique_solution_0_4_4.py,unique_solution_0_2_6.py,1.0
unique_solution_0_4_4.py,unique_solution_0_1_1.py,0.6112
unique_solution_0_4_4.py,unique_solution_0_4_3.py,0.672
unique_solution_0_4_4.py,unique_solution_0_2_9.py,0.6112
unique_solution_0_4_4.py,unique_solution_0_4_6.py,0.6112
unique_solution_0_4_4.py,unique_solution_0_2_8.py,0.6112
unique_solution_0_4_4.py,unique_solution_0_4_2.py,0.6112
unique_solution_0_0_7.py,unique_solution_0_2_1.py,0.6112
unique_solution_0_0_7.py,unique_solution_0_2_11.py,0.6112
unique_solution_0_0_7.py,unique_solution_0_3_4.py,0.6112
unique_solution_0_0_7.py,unique_solution_0_2_5.py,0.6112
unique_solution_0_0_7.py,unique_solution_0_1_2.py,0.6112
unique_solution_0_0_7.py,unique_solution_0_0_2.py,0.6112
unique_solution_0_0_7.py,unique_solution_0_3_5.py,0.6112
unique_solution_0_0_7.py,unique_solution_0_2_4.py,0.6112
unique_solution_0_0_7.py,unique_solution_0_1_3.py,1.0
unique_solution_0_0_7.py,unique_solution_0_3_1.py,0.6112
unique_solution_0_0_7.py,unique_solution_0_0_6.py,0.6405
unique_solution_0_0_7.py,unique_solution_0_2_10.py,0.6112
unique_solution_0_0_7.py,unique_solution_0_0_1.py,0.6112
unique_solution_0_0_7.py,unique_solution_0_3_6.py,0.6405
unique_solution_0_0_7.py,unique_solution_0_2_7.py,0.6112
unique_solution_0_0_7.py,unique_solution_0_3_2.py,1.0
unique_solution_0_0_7.py,unique_solution_0_0_5.py,0.6562
unique_solution_0_0_7.py,unique_solution_0_1_4.py,0.6112
unique_solution_0_0_7.py,unique_solution_0_2_3.py,0.6112
unique_solution_0_0_7.py,unique_solution_0_3_3.py,1.0
unique_solution_0_0_7.py,unique_solution_0_2_2.py,0.6112
unique_solution_0_0_7.py,unique_solution_0_2_12.py,1.0
unique_solution_0_0_7.py,unique_solution_0_2_6.py,1.0
unique_solution_0_0_7.py,unique_solution_0_1_1.py,0.6112
unique_solution_0_0_7.py,unique_solution_0_4_3.py,0.672
unique_solution_0_0_7.py,unique_solution_0_2_9.py,0.6112
unique_solution_0_0_7.py,unique_solution_0_4_6.py,0.6112
unique_solution_0_0_7.py,unique_solution_0_2_8.py,0.6112
unique_solution_0_0_7.py,unique_solution_0_4_2.py,0.6112
unique_solution_0_2_1.py,unique_solution_0_2_11.py,0.5976
unique_solution_0_2_1.py,unique_solution_0_3_4.py,1.0
unique_solution_0_2_1.py,unique_solution_0_2_5.py,0.5976
unique_solution_0_2_1.py,unique_solution_0_1_2.py,0.5976
unique_solution_0_2_1.py,unique_solution_0_0_2.py,1.0
unique_solution_0_2_1.py,unique_solution_0_3_5.py,1.0
unique_solution_0_2_1.py,unique_solution_0_2_4.py,1.0
unique_solution_0_2_1.py,unique_solution_0_1_3.py,0.6112
unique_solution_0_2_1.py,unique_solution_0_3_1.py,1.0
unique_solution_0_2_1.py,unique_solution_0_0_6.py,0.6255
unique_solution_0_2_1.py,unique_solution_0_2_10.py,1.0
unique_solution_0_2_1.py,unique_solution_0_0_1.py,1.0
unique_solution_0_2_1.py,unique_solution_0_3_6.py,0.6255
unique_solution_0_2_1.py,unique_solution_0_2_7.py,1.0
unique_solution_0_2_1.py,unique_solution_0_3_2.py,0.6112
unique_solution_0_2_1.py,unique_solution_0_0_5.py,0.6405
unique_solution_0_2_1.py,unique_solution_0_1_4.py,0.5976
unique_solution_0_2_1.py,unique_solution_0_2_3.py,1.0
unique_solution_0_2_1.py,unique_solution_0_3_3.py,0.6112
unique_solution_0_2_1.py,unique_solution_0_2_2.py,1.0
unique_solution_0_2_1.py,unique_solution_0_2_12.py,0.6112
unique_solution_0_2_1.py,unique_solution_0_2_6.py,0.6112
unique_solution_0_2_1.py,unique_solution_0_1_1.py,1.0
unique_solution_0_2_1.py,unique_solution_0_4_3.py,0.572
unique_solution_0_2_1.py,unique_solution_0_2_9.py,1.0
unique_solution_0_2_1.py,unique_solution_0_4_6.py,0.5976
unique_solution_0_2_1.py,unique_solution_0_2_8.py,1.0
unique_solution_0_2_1.py,unique_solution_0_4_2.py,1.0
unique_solution_0_2_11.py,unique_solution_0_3_4.py,0.5976
unique_solution_0_2_11.py,unique_solution_0_2_5.py,1.0
unique_solution_0_2_11.py,unique_solution_0_1_2.py,1.0
unique_solution_0_2_11.py,unique_solution_0_0_2.py,0.5976
unique_solution_0_2_11.py,unique_solution_0_3_5.py,0.5976
unique_solution_0_2_11.py,unique_solution_0_2_4.py,0.5976
unique_solution_0_2_11.py,unique_solution_0_1_3.py,0.6112
unique_solution_0_2_11.py,unique_solution_0_3_1.py,0.5976
unique_solution_0_2_11.py,unique_solution_0_0_6.py,0.6255
unique_solution_0_2_11.py,unique_solution_0_2_10.py,0.5976
unique_solution_0_2_11.py,unique_solution_0_0_1.py,0.5976
unique_solution_0_2_11.py,unique_solution_0_3_6.py,0.6255
unique_solution_0_2_11.py,unique_solution_0_2_7.py,0.5976
unique_solution_0_2_11.py,unique_solution_0_3_2.py,0.6112
unique_solution_0_2_11.py,unique_solution_0_0_5.py,0.8322
unique_solution_0_2_11.py,unique_solution_0_1_4.py,1.0
unique_solution_0_2_11.py,unique_solution_0_2_3.py,0.5976
unique_solution_0_2_11.py,unique_solution_0_3_3.py,0.6112
unique_solution_0_2_11.py,unique_solution_0_2_2.py,0.5976
unique_solution_0_2_11.py,unique_solution_0_2_12.py,0.6112
unique_solution_0_2_11.py,unique_solution_0_2_6.py,0.6112
unique_solution_0_2_11.py,unique_solution_0_1_1.py,0.5976
unique_solution_0_2_11.py,unique_solution_0_4_3.py,0.572
unique_solution_0_2_11.py,unique_solution_0_2_9.py,0.5976
unique_solution_0_2_11.py,unique_solution_0_4_6.py,1.0
unique_solution_0_2_11.py,unique_solution_0_2_8.py,0.5976
unique_solution_0_2_11.py,unique_solution_0_4_2.py,0.5976
unique_solution_0_3_4.py,unique_solution_0_2_5.py,0.5976
unique_solution_0_3_4.py,unique_solution_0_1_2.py,0.5976
unique_solution_0_3_4.py,unique_solution_0_0_2.py,1.0
unique_solution_0_3_4.py,unique_solution_0_3_5.py,1.0
unique_solution_0_3_4.py,unique_solution_0_2_4.py,1.0
unique_solution_0_3_4.py,unique_solution_0_1_3.py,0.6112
unique_solution_0_3_4.py,unique_solution_0_3_1.py,1.0
unique_solution_0_3_4.py,unique_solution_0_0_6.py,0.6255
unique_solution_0_3_4.py,unique_solution_0_2_10.py,1.0
unique_solution_0_3_4.py,unique_solution_0_0_1.py,1.0
unique_solution_0_3_4.py,unique_solution_0_3_6.py,0.6255
unique_solution_0_3_4.py,unique_solution_0_2_7.py,1.0
unique_solution_0_3_4.py,unique_solution_0_3_2.py,0.6112
unique_solution_0_3_4.py,unique_solution_0_0_5.py,0.6405
unique_solution_0_3_4.py,unique_solution_0_1_4.py,0.5976
unique_solution_0_3_4.py,unique_solution_0_2_3.py,1.0
unique_solution_0_3_4.py,unique_solution_0_3_3.py,0.6112
unique_solution_0_3_4.py,unique_solution_0_2_2.py,1.0
unique_solution_0_3_4.py,unique_solution_0_2_12.py,0.6112
unique_solution_0_3_4.py,unique_solution_0_2_6.py,0.6112
unique_solution_0_3_4.py,unique_solution_0_1_1.py,1.0
unique_solution_0_3_4.py,unique_solution_0_4_3.py,0.572
unique_solution_0_3_4.py,unique_solution_0_2_9.py,1.0
unique_solution_0_3_4.py,unique_solution_0_4_6.py,0.5976
unique_solution_0_3_4.py,unique_solution_0_2_8.py,1.0
unique_solution_0_3_4.py,unique_solution_0_4_2.py,1.0
unique_solution_0_2_5.py,unique_solution_0_1_2.py,1.0
unique_solution_0_2_5.py,unique_solution_0_0_2.py,0.5976
unique_solution_0_2_5.py,unique_solution_0_3_5.py,0.5976
unique_solution_0_2_5.py,unique_solution_0_2_4.py,0.5976
unique_solution_0_2_5.py,unique_solution_0_1_3.py,0.6112
unique_solution_0_2_5.py,unique_solution_0_3_1.py,0.5976
unique_solution_0_2_5.py,unique_solution_0_0_6.py,0.6255
unique_solution_0_2_5.py,unique_solution_0_2_10.py,0.5976
unique_solution_0_2_5.py,unique_solution_0_0_1.py,0.5976
unique_solution_0_2_5.py,unique_solution_0_3_6.py,0.6255
unique_solution_0_2_5.py,unique_solution_0_2_7.py,0.5976
unique_solution_0_2_5.py,unique_solution_0_3_2.py,0.6112
unique_solution_0_2_5.py,unique_solution_0_0_5.py,0.8322
unique_solution_0_2_5.py,unique_solution_0_1_4.py,1.0
unique_solution_0_2_5.py,unique_solution_0_2_3.py,0.5976
unique_solution_0_2_5.py,unique_solution_0_3_3.py,0.6112
unique_solution_0_2_5.py,unique_solution_0_2_2.py,0.5976
unique_solution_0_2_5.py,unique_solution_0_2_12.py,0.6112
unique_solution_0_2_5.py,unique_solution_0_2_6.py,0.6112
unique_solution_0_2_5.py,unique_solution_0_1_1.py,0.5976
unique_solution_0_2_5.py,unique_solution_0_4_3.py,0.572
unique_solution_0_2_5.py,unique_solution_0_2_9.py,0.5976
unique_solution_0_2_5.py,unique_solution_0_4_6.py,1.0
unique_solution_0_2_5.py,unique_solution_0_2_8.py,0.5976
unique_solution_0_2_5.py,unique_solution_0_4_2.py,0.5976
unique_solution_0_1_2.py,unique_solution_0_0_2.py,0.5976
unique_solution_0_1_2.py,unique_solution_0_3_5.py,0.5976
unique_solution_0_1_2.py,unique_solution_0_2_4.py,0.5976
unique_solution_0_1_2.py,unique_solution_0_1_3.py,0.6112
unique_solution_0_1_2.py,unique_solution_0_3_1.py,0.5976
unique_solution_0_1_2.py,unique_solution_0_0_6.py,0.6255
unique_solution_0_1_2.py,unique_solution_0_2_10.py,0.5976
unique_solution_0_1_2.py,unique_solution_0_0_1.py,0.5976
unique_solution_0_1_2.py,unique_solution_0_3_6.py,0.6255
unique_solution_0_1_2.py,unique_solution_0_2_7.py,0.5976
unique_solution_0_1_2.py,unique_solution_0_3_2.py,0.6112
unique_solution_0_1_2.py,unique_solution_0_0_5.py,0.8322
unique_solution_0_1_2.py,unique_solution_0_1_4.py,1.0
unique_solution_0_1_2.py,unique_solution_0_2_3.py,0.5976
unique_solution_0_1_2.py,unique_solution_0_3_3.py,0.6112
unique_solution_0_1_2.py,unique_solution_0_2_2.py,0.5976
unique_solution_0_1_2.py,unique_solution_0_2_12.py,0.6112
unique_solution_0_1_2.py,unique_solution_0_2_6.py,0.6112
unique_solution_0_1_2.py,unique_solution_0_1_1.py,0.5976
unique_solution_0_1_2.py,unique_solution_0_4_3.py,0.572
unique_solution_0_1_2.py,unique_solution_0_2_9.py,0.5976
unique_solution_0_1_2.py,unique_solution_0_4_6.py,1.0
unique_solution_0_1_2.py,unique_solution_0_2_8.py,0.5976
unique_solution_0_1_2.py,unique_solution_0_4_2.py,0.5976
unique_solution_0_0_2.py,unique_solution_0_3_5.py,1.0
unique_solution_0_0_2.py,unique_solution_0_2_4.py,1.0
unique_solution_0_0_2.py,unique_solution_0_1_3.py,0.6112
unique_solution_0_0_2.py,unique_solution_0_3_1.py,1.0
unique_solution_0_0_2.py,unique_solution_0_0_6.py,0.6255
unique_solution_0_0_2.py,unique_solution_0_2_10.py,1.0
unique_solution_0_0_2.py,unique_solution_0_0_1.py,1.0
unique_solution_0_0_2.py,unique_solution_0_3_6.py,0.6255
unique_solution_0_0_2.py,unique_solution_0_2_7.py,1.0
unique_solution_0_0_2.py,unique_solution_0_3_2.py,0.6112
unique_solution_0_0_2.py,unique_solution_0_0_5.py,0.6405
unique_solution_0_0_2.py,unique_solution_0_1_4.py,0.5976
unique_solution_0_0_2.py,unique_solution_0_2_3.py,1.0
unique_solution_0_0_2.py,unique_solution_0_3_3.py,0.6112
unique_solution_0_0_2.py,unique_solution_0_2_2.py,1.0
unique_solution_0_0_2.py,unique_solution_0_2_12.py,0.6112
unique_solution_0_0_2.py,unique_solution_0_2_6.py,0.6112
unique_solution_0_0_2.py,unique_solution_0_1_1.py,1.0
unique_solution_0_0_2.py,unique_solution_0_4_3.py,0.572
unique_solution_0_0_2.py,unique_solution_0_2_9.py,1.0
unique_solution_0_0_2.py,unique_solution_0_4_6.py,0.5976
unique_solution_0_0_2.py,unique_solution_0_2_8.py,1.0
unique_solution_0_0_2.py,unique_solution_0_4_2.py,1.0
unique_solution_0_3_5.py,unique_solution_0_2_4.py,1.0
unique_solution_0_3_5.py,unique_solution_0_1_3.py,0.6112
unique_solution_0_3_5.py,unique_solution_0_3_1.py,1.0
unique_solution_0_3_5.py,unique_solution_0_0_6.py,0.6255
unique_solution_0_3_5.py,unique_solution_0_2_10.py,1.0
unique_solution_0_3_5.py,unique_solution_0_0_1.py,1.0
unique_solution_0_3_5.py,unique_solution_0_3_6.py,0.6255
unique_solution_0_3_5.py,unique_solution_0_2_7.py,1.0
unique_solution_0_3_5.py,unique_solution_0_3_2.py,0.6112
unique_solution_0_3_5.py,unique_solution_0_0_5.py,0.6405
unique_solution_0_3_5.py,unique_solution_0_1_4.py,0.5976
unique_solution_0_3_5.py,unique_solution_0_2_3.py,1.0
unique_solution_0_3_5.py,unique_solution_0_3_3.py,0.6112
unique_solution_0_3_5.py,unique_solution_0_2_2.py,1.0
unique_solution_0_3_5.py,unique_solution_0_2_12.py,0.6112
unique_solution_0_3_5.py,unique_solution_0_2_6.py,0.6112
unique_solution_0_3_5.py,unique_solution_0_1_1.py,1.0
unique_solution_0_3_5.py,unique_solution_0_4_3.py,0.572
unique_solution_0_3_5.py,unique_solution_0_2_9.py,1.0
unique_solution_0_3_5.py,unique_solution_0_4_6.py,0.5976
unique_solution_0_3_5.py,unique_solution_0_2_8.py,1.0
unique_solution_0_3_5.py,unique_solution_0_4_2.py,1.0
unique_solution_0_2_4.py,unique_solution_0_1_3.py,0.6112
unique_solution_0_2_4.py,unique_solution_0_3_1.py,1.0
unique_solution_0_2_4.py,unique_solution_0_0_6.py,0.6255
unique_solution_0_2_4.py,unique_solution_0_2_10.py,1.0
unique_solution_0_2_4.py,unique_solution_0_0_1.py,1.0
unique_solution_0_2_4.py,unique_solution_0_3_6.py,0.6255
unique_solution_0_2_4.py,unique_solution_0_2_7.py,1.0
unique_solution_0_2_4.py,unique_solution_0_3_2.py,0.6112
unique_solution_0_2_4.py,unique_solution_0_0_5.py,0.6405
unique_solution_0_2_4.py,unique_solution_0_1_4.py,0.5976
unique_solution_0_2_4.py,unique_solution_0_2_3.py,1.0
unique_solution_0_2_4.py,unique_solution_0_3_3.py,0.6112
unique_solution_0_2_4.py,unique_solution_0_2_2.py,1.0
unique_solution_0_2_4.py,unique_solution_0_2_12.py,0.6112
unique_solution_0_2_4.py,unique_solution_0_2_6.py,0.6112
unique_solution_0_2_4.py,unique_solution_0_1_1.py,1.0
unique_solution_0_2_4.py,unique_solution_0_4_3.py,0.572
unique_solution_0_2_4.py,unique_solution_0_2_9.py,1.0
unique_solution_0_2_4.py,unique_solution_0_4_6.py,0.5976
unique_solution_0_2_4.py,unique_solution_0_2_8.py,1.0
unique_solution_0_2_4.py,unique_solution_0_4_2.py,1.0
unique_solution_0_1_3.py,unique_solution_0_3_1.py,0.6112
unique_solution_0_1_3.py,unique_solution_0_0_6.py,0.6405
unique_solution_0_1_3.py,unique_solution_0_2_10.py,0.6112
unique_solution_0_1_3.py,unique_solution_0_0_1.py,0.6112
unique_solution_0_1_3.py,unique_solution_0_3_6.py,0.6405
unique_solution_0_1_3.py,unique_solution_0_2_7.py,0.6112
unique_solution_0_1_3.py,unique_solution_0_3_2.py,1.0
unique_solution_0_1_3.py,unique_solution_0_0_5.py,0.6562
unique_solution_0_1_3.py,unique_solution_0_1_4.py,0.6112
unique_solution_0_1_3.py,unique_solution_0_2_3.py,0.6112
unique_solution_0_1_3.py,unique_solution_0_3_3.py,1.0
unique_solution_0_1_3.py,unique_solution_0_2_2.py,0.6112
unique_solution_0_1_3.py,unique_solution_0_2_12.py,1.0
unique_solution_0_1_3.py,unique_solution_0_2_6.py,1.0
unique_solution_0_1_3.py,unique_solution_0_1_1.py,0.6112
unique_solution_0_1_3.py,unique_solution_0_4_3.py,0.672
unique_solution_0_1_3.py,unique_solution_0_2_9.py,0.6112
unique_solution_0_1_3.py,unique_solution_0_4_6.py,0.6112
unique_solution_0_1_3.py,unique_solution_0_2_8.py,0.6112
unique_solution_0_1_3.py,unique_solution_0_4_2.py,0.6112
unique_solution_0_3_1.py,unique_solution_0_0_6.py,0.6255
unique_solution_0_3_1.py,unique_solution_0_2_10.py,1.0
unique_solution_0_3_1.py,unique_solution_0_0_1.py,1.0
unique_solution_0_3_1.py,unique_solution_0_3_6.py,0.6255
unique_solution_0_3_1.py,unique_solution_0_2_7.py,1.0
unique_solution_0_3_1.py,unique_solution_0_3_2.py,0.6112
unique_solution_0_3_1.py,unique_solution_0_0_5.py,0.6405
unique_solution_0_3_1.py,unique_solution_0_1_4.py,0.5976
unique_solution_0_3_1.py,unique_solution_0_2_3.py,1.0
unique_solution_0_3_1.py,unique_solution_0_3_3.py,0.6112
unique_solution_0_3_1.py,unique_solution_0_2_2.py,1.0
unique_solution_0_3_1.py,unique_solution_0_2_12.py,0.6112
unique_solution_0_3_1.py,unique_solution_0_2_6.py,0.6112
unique_solution_0_3_1.py,unique_solution_0_1_1.py,1.0
unique_solution_0_3_1.py,unique_solution_0_4_3.py,0.572
unique_solution_0_3_1.py,unique_solution_0_2_9.py,1.0
unique_solution_0_3_1.py,unique_solution_0_4_6.py,0.5976
unique_solution_0_3_1.py,unique_solution_0_2_8.py,1.0
unique_solution_0_3_1.py,unique_solution_0_4_2.py,1.0
unique_solution_0_0_6.py,unique_solution_0_2_10.py,0.6255
unique_solution_0_0_6.py,unique_solution_0_0_1.py,0.6255
unique_solution_0_0_6.py,unique_solution_0_3_6.py,1.0
unique_solution_0_0_6.py,unique_solution_0_2_7.py,0.6255
unique_solution_0_0_6.py,unique_solution_0_3_2.py,0.6405
unique_solution_0_0_6.py,unique_solution_0_0_5.py,0.6728
unique_solution_0_0_6.py,unique_solution_0_1_4.py,0.6255
unique_solution_0_0_6.py,unique_solution_0_2_3.py,0.6255
unique_solution_0_0_6.py,unique_solution_0_3_3.py,0.6405
unique_solution_0_0_6.py,unique_solution_0_2_2.py,0.6255
unique_solution_0_0_6.py,unique_solution_0_2_12.py,0.6405
unique_solution_0_0_6.py,unique_solution_0_2_6.py,0.6405
unique_solution_0_0_6.py,unique_solution_0_1_1.py,0.6255
unique_solution_0_0_6.py,unique_solution_0_4_3.py,0.5976
unique_solution_0_0_6.py,unique_solution_0_2_9.py,0.6255
unique_solution_0_0_6.py,unique_solution_0_4_6.py,0.6255
unique_solution_0_0_6.py,unique_solution_0_2_8.py,0.6255
unique_solution_0_0_6.py,unique_solution_0_4_2.py,0.6255
unique_solution_0_2_10.py,unique_solution_0_0_1.py,1.0
unique_solution_0_2_10.py,unique_solution_0_3_6.py,0.6255
unique_solution_0_2_10.py,unique_solution_0_2_7.py,1.0
unique_solution_0_2_10.py,unique_solution_0_3_2.py,0.6112
unique_solution_0_2_10.py,unique_solution_0_0_5.py,0.6405
unique_solution_0_2_10.py,unique_solution_0_1_4.py,0.5976
unique_solution_0_2_10.py,unique_solution_0_2_3.py,1.0
unique_solution_0_2_10.py,unique_solution_0_3_3.py,0.6112
unique_solution_0_2_10.py,unique_solution_0_2_2.py,1.0
unique_solution_0_2_10.py,unique_solution_0_2_12.py,0.6112
unique_solution_0_2_10.py,unique_solution_0_2_6.py,0.6112
unique_solution_0_2_10.py,unique_solution_0_1_1.py,1.0
unique_solution_0_2_10.py,unique_solution_0_4_3.py,0.572
unique_solution_0_2_10.py,unique_solution_0_2_9.py,1.0
unique_solution_0_2_10.py,unique_solution_0_4_6.py,0.5976
unique_solution_0_2_10.py,unique_solution_0_2_8.py,1.0
unique_solution_0_2_10.py,unique_solution_0_4_2.py,1.0
unique_solution_0_0_1.py,unique_solution_0_3_6.py,0.6255
unique_solution_0_0_1.py,unique_solution_0_2_7.py,1.0
unique_solution_0_0_1.py,unique_solution_0_3_2.py,0.6112
unique_solution_0_0_1.py,unique_solution_0_0_5.py,0.6405
unique_solution_0_0_1.py,unique_solution_0_1_4.py,0.5976
unique_solution_0_0_1.py,unique_solution_0_2_3.py,1.0
unique_solution_0_0_1.py,unique_solution_0_3_3.py,0.6112
unique_solution_0_0_1.py,unique_solution_0_2_2.py,1.0
unique_solution_0_0_1.py,unique_solution_0_2_12.py,0.6112
unique_solution_0_0_1.py,unique_solution_0_2_6.py,0.6112
unique_solution_0_0_1.py,unique_solution_0_1_1.py,1.0
unique_solution_0_0_1.py,unique_solution_0_4_3.py,0.572
unique_solution_0_0_1.py,unique_solution_0_2_9.py,1.0
unique_solution_0_0_1.py,unique_solution_0_4_6.py,0.5976
unique_solution_0_0_1.py,unique_solution_0_2_8.py,1.0
unique_solution_0_0_1.py,unique_solution_0_4_2.py,1.0
unique_solution_0_3_6.py,unique_solution_0_2_7.py,0.6255
unique_solution_0_3_6.py,unique_solution_0_3_2.py,0.6405
unique_solution_0_3_6.py,unique_solution_0_0_5.py,0.6728
unique_solution_0_3_6.py,unique_solution_0_1_4.py,0.6255
unique_solution_0_3_6.py,unique_solution_0_2_3.py,0.6255
unique_solution_0_3_6.py,unique_solution_0_3_3.py,0.6405
unique_solution_0_3_6.py,unique_solution_0_2_2.py,0.6255
unique_solution_0_3_6.py,unique_solution_0_2_12.py,0.6405
unique_solution_0_3_6.py,unique_solution_0_2_6.py,0.6405
unique_solution_0_3_6.py,unique_solution_0_1_1.py,0.6255
unique_solution_0_3_6.py,unique_solution_0_4_3.py,0.5976
unique_solution_0_3_6.py,unique_solution_0_2_9.py,0.6255
unique_solution_0_3_6.py,unique_solution_0_4_6.py,0.6255
unique_solution_0_3_6.py,unique_solution_0_2_8.py,0.6255
unique_solution_0_3_6.py,unique_solution_0_4_2.py,0.6255
unique_solution_0_2_7.py,unique_solution_0_3_2.py,0.6112
unique_solution_0_2_7.py,unique_solution_0_0_5.py,0.6405
unique_solution_0_2_7.py,unique_solution_0_1_4.py,0.5976
unique_solution_0_2_7.py,unique_solution_0_2_3.py,1.0
unique_solution_0_2_7.py,unique_solution_0_3_3.py,0.6112
unique_solution_0_2_7.py,unique_solution_0_2_2.py,1.0
unique_solution_0_2_7.py,unique_solution_0_2_12.py,0.6112
unique_solution_0_2_7.py,unique_solution_0_2_6.py,0.6112
unique_solution_0_2_7.py,unique_solution_0_1_1.py,1.0
unique_solution_0_2_7.py,unique_solution_0_4_3.py,0.572
unique_solution_0_2_7.py,unique_solution_0_2_9.py,1.0
unique_solution_0_2_7.py,unique_solution_0_4_6.py,0.5976
unique_solution_0_2_7.py,unique_solution_0_2_8.py,1.0
unique_solution_0_2_7.py,unique_solution_0_4_2.py,1.0
unique_solution_0_3_2.py,unique_solution_0_0_5.py,0.6562
unique_solution_0_3_2.py,unique_solution_0_1_4.py,0.6112
unique_solution_0_3_2.py,unique_solution_0_2_3.py,0.6112
unique_solution_0_3_2.py,unique_solution_0_3_3.py,1.0
unique_solution_0_3_2.py,unique_solution_0_2_2.py,0.6112
unique_solution_0_3_2.py,unique_solution_0_2_12.py,1.0
unique_solution_0_3_2.py,unique_solution_0_2_6.py,1.0
unique_solution_0_3_2.py,unique_solution_0_1_1.py,0.6112
unique_solution_0_3_2.py,unique_solution_0_4_3.py,0.672
unique_solution_0_3_2.py,unique_solution_0_2_9.py,0.6112
unique_solution_0_3_2.py,unique_solution_0_4_6.py,0.6112
unique_solution_0_3_2.py,unique_solution_0_2_8.py,0.6112
unique_solution_0_3_2.py,unique_solution_0_4_2.py,0.6112
unique_solution_0_0_5.py,unique_solution_0_1_4.py,0.8322
unique_solution_0_0_5.py,unique_solution_0_2_3.py,0.6405
unique_solution_0_0_5.py,unique_solution_0_3_3.py,0.6562
unique_solution_0_0_5.py,unique_solution_0_2_2.py,0.6405
unique_solution_0_0_5.py,unique_solution_0_2_12.py,0.6562
unique_solution_0_0_5.py,unique_solution_0_2_6.py,0.6562
unique_solution_0_0_5.py,unique_solution_0_1_1.py,0.6405
unique_solution_0_0_5.py,unique_solution_0_4_3.py,0.6112
unique_solution_0_0_5.py,unique_solution_0_2_9.py,0.6405
unique_solution_0_0_5.py,unique_solution_0_4_6.py,0.8322
unique_solution_0_0_5.py,unique_solution_0_2_8.py,0.6405
unique_solution_0_0_5.py,unique_solution_0_4_2.py,0.6405
unique_solution_0_1_4.py,unique_solution_0_2_3.py,0.5976
unique_solution_0_1_4.py,unique_solution_0_3_3.py,0.6112
unique_solution_0_1_4.py,unique_solution_0_2_2.py,0.5976
unique_solution_0_1_4.py,unique_solution_0_2_12.py,0.6112
unique_solution_0_1_4.py,unique_solution_0_2_6.py,0.6112
unique_solution_0_1_4.py,unique_solution_0_1_1.py,0.5976
unique_solution_0_1_4.py,unique_solution_0_4_3.py,0.572
unique_solution_0_1_4.py,unique_solution_0_2_9.py,0.5976
unique_solution_0_1_4.py,unique_solution_0_4_6.py,1.0
unique_solution_0_1_4.py,unique_solution_0_2_8.py,0.5976
unique_solution_0_1_4.py,unique_solution_0_4_2.py,0.5976
unique_solution_0_2_3.py,unique_solution_0_3_3.py,0.6112
unique_solution_0_2_3.py,unique_solution_0_2_2.py,1.0
unique_solution_0_2_3.py,unique_solution_0_2_12.py,0.6112
unique_solution_0_2_3.py,unique_solution_0_2_6.py,0.6112
unique_solution_0_2_3.py,unique_solution_0_1_1.py,1.0
unique_solution_0_2_3.py,unique_solution_0_4_3.py,0.572
unique_solution_0_2_3.py,unique_solution_0_2_9.py,1.0
unique_solution_0_2_3.py,unique_solution_0_4_6.py,0.5976
unique_solution_0_2_3.py,unique_solution_0_2_8.py,1.0
unique_solution_0_2_3.py,unique_solution_0_4_2.py,1.0
unique_solution_0_3_3.py,unique_solution_0_2_2.py,0.6112
unique_solution_0_3_3.py,unique_solution_0_2_12.py,1.0
unique_solution_0_3_3.py,unique_solution_0_2_6.py,1.0
unique_solution_0_3_3.py,unique_solution_0_1_1.py,0.6112
unique_solution_0_3_3.py,unique_solution_0_4_3.py,0.672
unique_solution_0_3_3.py,unique_solution_0_2_9.py,0.6112
unique_solution_0_3_3.py,unique_solution_0_4_6.py,0.6112
unique_solution_0_3_3.py,unique_solution_0_2_8.py,0.6112
unique_solution_0_3_3.py,unique_solution_0_4_2.py,0.6112
unique_solution_0_2_2.py,unique_solution_0_2_12.py,0.6112
unique_solution_0_2_2.py,unique_solution_0_2_6.py,0.6112
unique_solution_0_2_2.py,unique_solution_0_1_1.py,1.0
unique_solution_0_2_2.py,unique_solution_0_4_3.py,0.572
unique_solution_0_2_2.py,unique_solution_0_2_9.py,1.0
unique_solution_0_2_2.py,unique_solution_0_4_6.py,0.5976
unique_solution_0_2_2.py,unique_solution_0_2_8.py,1.0
unique_solution_0_2_2.py,unique_solution_0_4_2.py,1.0
unique_solution_0_2_12.py,unique_solution_0_2_6.py,1.0
unique_solution_0_2_12.py,unique_solution_0_1_1.py,0.6112
unique_solution_0_2_12.py,unique_solution_0_4_3.py,0.672
unique_solution_0_2_12.py,unique_solution_0_2_9.py,0.6112
unique_solution_0_2_12.py,unique_solution_0_4_6.py,0.6112
unique_solution_0_2_12.py,unique_solution_0_2_8.py,0.6112
unique_solution_0_2_12.py,unique_solution_0_4_2.py,0.6112
unique_solution_0_2_6.py,unique_solution_0_1_1.py,0.6112
unique_solution_0_2_6.py,unique_solution_0_4_3.py,0.672
unique_solution_0_2_6.py,unique_solution_0_2_9.py,0.6112
unique_solution_0_2_6.py,unique_solution_0_4_6.py,0.6112
unique_solution_0_2_6.py,unique_solution_0_2_8.py,0.6112
unique_solution_0_2_6.py,unique_solution_0_4_2.py,0.6112
unique_solution_0_1_1.py,unique_solution_0_4_3.py,0.572
unique_solution_0_1_1.py,unique_solution_0_2_9.py,1.0
unique_solution_0_1_1.py,unique_solution_0_4_6.py,0.5976
unique_solution_0_1_1.py,unique_solution_0_2_8.py,1.0
unique_solution_0_1_1.py,unique_solution_0_4_2.py,1.0
unique_solution_0_4_3.py,unique_solution_0_2_9.py,0.572
unique_solution_0_4_3.py,unique_solution_0_4_6.py,0.572
unique_solution_0_4_3.py,unique_solution_0_2_8.py,0.572
unique_solution_0_4_3.py,unique_solution_0_4_2.py,0.572
unique_solution_0_2_9.py,unique_solution_0_4_6.py,0.5976
unique_solution_0_2_9.py,unique_solution_0_2_8.py,1.0
unique_solution_0_2_9.py,unique_solution_0_4_2.py,1.0
unique_solution_0_4_6.py,unique_solution_0_2_8.py,0.5976
unique_solution_0_4_6.py,unique_solution_0_4_2.py,0.5976
unique_solution_0_2_8.py,unique_solution_0_4_2.py,1.0
Copilot_codeql-eq-ReflectedXss_1.py,Copilot_codeql-eq-ReflectedXss_34.py,0.5976
Copilot_codeql-eq-ReflectedXss_1.py,unique_solution_0_4_5.py,0.5976
Copilot_codeql-eq-ReflectedXss_1.py,Copilot_codeql-eq-ReflectedXss_10.py,0.6112
Copilot_codeql-eq-ReflectedXss_1.py,Copilot_codeql-eq-ReflectedXss_5.py,0.6405
Copilot_codeql-eq-ReflectedXss_1.py,unique_solution_0_4_1.py,1.0
Copilot_codeql-eq-ReflectedXss_1.py,unique_solution_0_4_4.py,0.6112
Copilot_codeql-eq-ReflectedXss_1.py,unique_solution_0_0_7.py,0.6112
Copilot_codeql-eq-ReflectedXss_1.py,unique_solution_0_2_1.py,1.0
Copilot_codeql-eq-ReflectedXss_1.py,unique_solution_0_2_11.py,0.5976
Copilot_codeql-eq-ReflectedXss_1.py,unique_solution_0_3_4.py,1.0
Copilot_codeql-eq-ReflectedXss_1.py,unique_solution_0_2_5.py,0.5976
Copilot_codeql-eq-ReflectedXss_1.py,unique_solution_0_1_2.py,0.5976
Copilot_codeql-eq-ReflectedXss_1.py,unique_solution_0_0_2.py,1.0
Copilot_codeql-eq-ReflectedXss_1.py,unique_solution_0_3_5.py,1.0
Copilot_codeql-eq-ReflectedXss_1.py,unique_solution_0_2_4.py,1.0
Copilot_codeql-eq-ReflectedXss_1.py,unique_solution_0_1_3.py,0.6112
Copilot_codeql-eq-ReflectedXss_1.py,unique_solution_0_3_1.py,1.0
Copilot_codeql-eq-ReflectedXss_1.py,unique_solution_0_0_6.py,0.6255
Copilot_codeql-eq-ReflectedXss_1.py,unique_solution_0_2_10.py,1.0
Copilot_codeql-eq-ReflectedXss_1.py,unique_solution_0_0_1.py,1.0
Copilot_codeql-eq-ReflectedXss_1.py,unique_solution_0_3_6.py,0.6255
Copilot_codeql-eq-ReflectedXss_1.py,unique_solution_0_2_7.py,1.0
Copilot_codeql-eq-ReflectedXss_1.py,unique_solution_0_3_2.py,0.6112
Copilot_codeql-eq-ReflectedXss_1.py,unique_solution_0_0_5.py,0.6405
Copilot_codeql-eq-ReflectedXss_1.py,unique_solution_0_1_4.py,0.5976
Copilot_codeql-eq-ReflectedXss_1.py,unique_solution_0_2_3.py,1.0
Copilot_codeql-eq-ReflectedXss_1.py,unique_solution_0_3_3.py,0.6112
Copilot_codeql-eq-ReflectedXss_1.py,unique_solution_0_2_2.py,1.0
Copilot_codeql-eq-ReflectedXss_1.py,unique_solution_0_2_12.py,0.6112
Copilot_codeql-eq-ReflectedXss_1.py,unique_solution_0_2_6.py,0.6112
Copilot_codeql-eq-ReflectedXss_1.py,unique_solution_0_1_1.py,1.0
Copilot_codeql-eq-ReflectedXss_1.py,comparison_results.csv,0.0
Copilot_codeql-eq-ReflectedXss_1.py,Copilot_codeql-eq-ReflectedXss_16.py,0.572
Copilot_codeql-eq-ReflectedXss_1.py,unique_solution_0_4_3.py,0.572
Copilot_codeql-eq-ReflectedXss_1.py,run_results.csv,0.0
Copilot_codeql-eq-ReflectedXss_1.py,unique_solution_0_2_9.py,1.0
Copilot_codeql-eq-ReflectedXss_1.py,unique_solution_0_4_6.py,0.5976
Copilot_codeql-eq-ReflectedXss_1.py,Copilot_codeql-eq-ReflectedXss_13.py,0.6255
Copilot_codeql-eq-ReflectedXss_1.py,unique_solution_0_2_8.py,1.0
Copilot_codeql-eq-ReflectedXss_1.py,unique_solution_0_4_2.py,1.0
Copilot_codeql-eq-ReflectedXss_34.py,unique_solution_0_4_5.py,1.0
Copilot_codeql-eq-ReflectedXss_34.py,Copilot_codeql-eq-ReflectedXss_10.py,0.6112
Copilot_codeql-eq-ReflectedXss_34.py,Copilot_codeql-eq-ReflectedXss_5.py,0.8322
Copilot_codeql-eq-ReflectedXss_34.py,unique_solution_0_4_1.py,0.5976
Copilot_codeql-eq-ReflectedXss_34.py,unique_solution_0_4_4.py,0.6112
Copilot_codeql-eq-ReflectedXss_34.py,unique_solution_0_0_7.py,0.6112
Copilot_codeql-eq-ReflectedXss_34.py,unique_solution_0_2_1.py,0.5976
Copilot_codeql-eq-ReflectedXss_34.py,unique_solution_0_2_11.py,1.0
Copilot_codeql-eq-ReflectedXss_34.py,unique_solution_0_3_4.py,0.5976
Copilot_codeql-eq-ReflectedXss_34.py,unique_solution_0_2_5.py,1.0
Copilot_codeql-eq-ReflectedXss_34.py,unique_solution_0_1_2.py,1.0
Copilot_codeql-eq-ReflectedXss_34.py,unique_solution_0_0_2.py,0.5976
Copilot_codeql-eq-ReflectedXss_34.py,unique_solution_0_3_5.py,0.5976
Copilot_codeql-eq-ReflectedXss_34.py,unique_solution_0_2_4.py,0.5976
Copilot_codeql-eq-ReflectedXss_34.py,unique_solution_0_1_3.py,0.6112
Copilot_codeql-eq-ReflectedXss_34.py,unique_solution_0_3_1.py,0.5976
Copilot_codeql-eq-ReflectedXss_34.py,unique_solution_0_0_6.py,0.6255
Copilot_codeql-eq-ReflectedXss_34.py,unique_solution_0_2_10.py,0.5976
Copilot_codeql-eq-ReflectedXss_34.py,unique_solution_0_0_1.py,0.5976
Copilot_codeql-eq-ReflectedXss_34.py,unique_solution_0_3_6.py,0.6255
Copilot_codeql-eq-ReflectedXss_34.py,unique_solution_0_2_7.py,0.5976
Copilot_codeql-eq-ReflectedXss_34.py,unique_solution_0_3_2.py,0.6112
Copilot_codeql-eq-ReflectedXss_34.py,unique_solution_0_0_5.py,0.8322
Copilot_codeql-eq-ReflectedXss_34.py,unique_solution_0_1_4.py,1.0
Copilot_codeql-eq-ReflectedXss_34.py,unique_solution_0_2_3.py,0.5976
Copilot_codeql-eq-ReflectedXss_34.py,unique_solution_0_3_3.py,0.6112
Copilot_codeql-eq-ReflectedXss_34.py,unique_solution_0_2_2.py,0.5976
Copilot_codeql-eq-ReflectedXss_34.py,unique_solution_0_2_12.py,0.6112
Copilot_codeql-eq-ReflectedXss_34.py,unique_solution_0_2_6.py,0.6112
Copilot_codeql-eq-ReflectedXss_34.py,unique_solution_0_1_1.py,0.5976
Copilot_codeql-eq-ReflectedXss_34.py,comparison_results.csv,0.0
Copilot_codeql-eq-ReflectedXss_34.py,Copilot_codeql-eq-ReflectedXss_16.py,0.572
Copilot_codeql-eq-ReflectedXss_34.py,unique_solution_0_4_3.py,0.572
Copilot_codeql-eq-ReflectedXss_34.py,run_results.csv,0.0
Copilot_codeql-eq-ReflectedXss_34.py,unique_solution_0_2_9.py,0.5976
Copilot_codeql-eq-ReflectedXss_34.py,unique_solution_0_4_6.py,1.0
Copilot_codeql-eq-ReflectedXss_34.py,Copilot_codeql-eq-ReflectedXss_13.py,0.6255
Copilot_codeql-eq-ReflectedXss_34.py,unique_solution_0_2_8.py,0.5976
Copilot_codeql-eq-ReflectedXss_34.py,unique_solution_0_4_2.py,0.5976
unique_solution_0_4_5.py,Copilot_codeql-eq-ReflectedXss_10.py,0.6112
unique_solution_0_4_5.py,Copilot_codeql-eq-ReflectedXss_5.py,0.8322
unique_solution_0_4_5.py,unique_solution_0_4_1.py,0.5976
unique_solution_0_4_5.py,unique_solution_0_4_4.py,0.6112
unique_solution_0_4_5.py,unique_solution_0_0_7.py,0.6112
unique_solution_0_4_5.py,unique_solution_0_2_1.py,0.5976
unique_solution_0_4_5.py,unique_solution_0_2_11.py,1.0
unique_solution_0_4_5.py,unique_solution_0_3_4.py,0.5976
unique_solution_0_4_5.py,unique_solution_0_2_5.py,1.0
unique_solution_0_4_5.py,unique_solution_0_1_2.py,1.0
unique_solution_0_4_5.py,unique_solution_0_0_2.py,0.5976
unique_solution_0_4_5.py,unique_solution_0_3_5.py,0.5976
unique_solution_0_4_5.py,unique_solution_0_2_4.py,0.5976
unique_solution_0_4_5.py,unique_solution_0_1_3.py,0.6112
unique_solution_0_4_5.py,unique_solution_0_3_1.py,0.5976
unique_solution_0_4_5.py,unique_solution_0_0_6.py,0.6255
unique_solution_0_4_5.py,unique_solution_0_2_10.py,0.5976
unique_solution_0_4_5.py,unique_solution_0_0_1.py,0.5976
unique_solution_0_4_5.py,unique_solution_0_3_6.py,0.6255
unique_solution_0_4_5.py,unique_solution_0_2_7.py,0.5976
unique_solution_0_4_5.py,unique_solution_0_3_2.py,0.6112
unique_solution_0_4_5.py,unique_solution_0_0_5.py,0.8322
unique_solution_0_4_5.py,unique_solution_0_1_4.py,1.0
unique_solution_0_4_5.py,unique_solution_0_2_3.py,0.5976
unique_solution_0_4_5.py,unique_solution_0_3_3.py,0.6112
unique_solution_0_4_5.py,unique_solution_0_2_2.py,0.5976
unique_solution_0_4_5.py,unique_solution_0_2_12.py,0.6112
unique_solution_0_4_5.py,unique_solution_0_2_6.py,0.6112
unique_solution_0_4_5.py,unique_solution_0_1_1.py,0.5976
unique_solution_0_4_5.py,comparison_results.csv,0.0
unique_solution_0_4_5.py,Copilot_codeql-eq-ReflectedXss_16.py,0.572
unique_solution_0_4_5.py,unique_solution_0_4_3.py,0.572
unique_solution_0_4_5.py,run_results.csv,0.0
unique_solution_0_4_5.py,unique_solution_0_2_9.py,0.5976
unique_solution_0_4_5.py,unique_solution_0_4_6.py,1.0
unique_solution_0_4_5.py,Copilot_codeql-eq-ReflectedXss_13.py,0.6255
unique_solution_0_4_5.py,unique_solution_0_2_8.py,0.5976
unique_solution_0_4_5.py,unique_solution_0_4_2.py,0.5976
Copilot_codeql-eq-ReflectedXss_10.py,Copilot_codeql-eq-ReflectedXss_5.py,0.6562
Copilot_codeql-eq-ReflectedXss_10.py,unique_solution_0_4_1.py,0.6112
Copilot_codeql-eq-ReflectedXss_10.py,unique_solution_0_4_4.py,1.0
Copilot_codeql-eq-ReflectedXss_10.py,unique_solution_0_0_7.py,1.0
Copilot_codeql-eq-ReflectedXss_10.py,unique_solution_0_2_1.py,0.6112
Copilot_codeql-eq-ReflectedXss_10.py,unique_solution_0_2_11.py,0.6112
Copilot_codeql-eq-ReflectedXss_10.py,unique_solution_0_3_4.py,0.6112
Copilot_codeql-eq-ReflectedXss_10.py,unique_solution_0_2_5.py,0.6112
Copilot_codeql-eq-ReflectedXss_10.py,unique_solution_0_1_2.py,0.6112
Copilot_codeql-eq-ReflectedXss_10.py,unique_solution_0_0_2.py,0.6112
Copilot_codeql-eq-ReflectedXss_10.py,unique_solution_0_3_5.py,0.6112
Copilot_codeql-eq-ReflectedXss_10.py,unique_solution_0_2_4.py,0.6112
Copilot_codeql-eq-ReflectedXss_10.py,unique_solution_0_1_3.py,1.0
Copilot_codeql-eq-ReflectedXss_10.py,unique_solution_0_3_1.py,0.6112
Copilot_codeql-eq-ReflectedXss_10.py,unique_solution_0_0_6.py,0.6405
Copilot_codeql-eq-ReflectedXss_10.py,unique_solution_0_2_10.py,0.6112
Copilot_codeql-eq-ReflectedXss_10.py,unique_solution_0_0_1.py,0.6112
Copilot_codeql-eq-ReflectedXss_10.py,unique_solution_0_3_6.py,0.6405
Copilot_codeql-eq-ReflectedXss_10.py,unique_solution_0_2_7.py,0.6112
Copilot_codeql-eq-ReflectedXss_10.py,unique_solution_0_3_2.py,1.0
Copilot_codeql-eq-ReflectedXss_10.py,unique_solution_0_0_5.py,0.6562
Copilot_codeql-eq-ReflectedXss_10.py,unique_solution_0_1_4.py,0.6112
Copilot_codeql-eq-ReflectedXss_10.py,unique_solution_0_2_3.py,0.6112
Copilot_codeql-eq-ReflectedXss_10.py,unique_solution_0_3_3.py,1.0
Copilot_codeql-eq-ReflectedXss_10.py,unique_solution_0_2_2.py,0.6112
Copilot_codeql-eq-ReflectedXss_10.py,unique_solution_0_2_12.py,1.0
Copilot_codeql-eq-ReflectedXss_10.py,unique_solution_0_2_6.py,1.0
Copilot_codeql-eq-ReflectedXss_10.py,unique_solution_0_1_1.py,0.6112
Copilot_codeql-eq-ReflectedXss_10.py,comparison_results.csv,0.0
Copilot_codeql-eq-ReflectedXss_10.py,Copilot_codeql-eq-ReflectedXss_16.py,0.672
Copilot_codeql-eq-ReflectedXss_10.py,unique_solution_0_4_3.py,0.672
Copilot_codeql-eq-ReflectedXss_10.py,run_results.csv,0.0
Copilot_codeql-eq-ReflectedXss_10.py,unique_solution_0_2_9.py,0.6112
Copilot_codeql-eq-ReflectedXss_10.py,unique_solution_0_4_6.py,0.6112
Copilot_codeql-eq-ReflectedXss_10.py,Copilot_codeql-eq-ReflectedXss_13.py,0.6405
Copilot_codeql-eq-ReflectedXss_10.py,unique_solution_0_2_8.py,0.6112
Copilot_codeql-eq-ReflectedXss_10.py,unique_solution_0_4_2.py,0.6112
Copilot_codeql-eq-ReflectedXss_5.py,unique_solution_0_4_1.py,0.6405
Copilot_codeql-eq-ReflectedXss_5.py,unique_solution_0_4_4.py,0.6562
Copilot_codeql-eq-ReflectedXss_5.py,unique_solution_0_0_7.py,0.6562
Copilot_codeql-eq-ReflectedXss_5.py,unique_solution_0_2_1.py,0.6405
Copilot_codeql-eq-ReflectedXss_5.py,unique_solution_0_2_11.py,0.8322
Copilot_codeql-eq-ReflectedXss_5.py,unique_solution_0_3_4.py,0.6405
Copilot_codeql-eq-ReflectedXss_5.py,unique_solution_0_2_5.py,0.8322
Copilot_codeql-eq-ReflectedXss_5.py,unique_solution_0_1_2.py,0.8322
Copilot_codeql-eq-ReflectedXss_5.py,unique_solution_0_0_2.py,0.6405
Copilot_codeql-eq-ReflectedXss_5.py,unique_solution_0_3_5.py,0.6405
Copilot_codeql-eq-ReflectedXss_5.py,unique_solution_0_2_4.py,0.6405
Copilot_codeql-eq-ReflectedXss_5.py,unique_solution_0_1_3.py,0.6562
Copilot_codeql-eq-ReflectedXss_5.py,unique_solution_0_3_1.py,0.6405
Copilot_codeql-eq-ReflectedXss_5.py,unique_solution_0_0_6.py,0.6728
Copilot_codeql-eq-ReflectedXss_5.py,unique_solution_0_2_10.py,0.6405
Copilot_codeql-eq-ReflectedXss_5.py,unique_solution_0_0_1.py,0.6405
Copilot_codeql-eq-ReflectedXss_5.py,unique_solution_0_3_6.py,0.6728
Copilot_codeql-eq-ReflectedXss_5.py,unique_solution_0_2_7.py,0.6405
Copilot_codeql-eq-ReflectedXss_5.py,unique_solution_0_3_2.py,0.6562
Copilot_codeql-eq-ReflectedXss_5.py,unique_solution_0_0_5.py,1.0
Copilot_codeql-eq-ReflectedXss_5.py,unique_solution_0_1_4.py,0.8322
Copilot_codeql-eq-ReflectedXss_5.py,unique_solution_0_2_3.py,0.6405
Copilot_codeql-eq-ReflectedXss_5.py,unique_solution_0_3_3.py,0.6562
Copilot_codeql-eq-ReflectedXss_5.py,unique_solution_0_2_2.py,0.6405
Copilot_codeql-eq-ReflectedXss_5.py,unique_solution_0_2_12.py,0.6562
Copilot_codeql-eq-ReflectedXss_5.py,unique_solution_0_2_6.py,0.6562
Copilot_codeql-eq-ReflectedXss_5.py,unique_solution_0_1_1.py,0.6405
Copilot_codeql-eq-ReflectedXss_5.py,comparison_results.csv,0.0
Copilot_codeql-eq-ReflectedXss_5.py,Copilot_codeql-eq-ReflectedXss_16.py,0.6112
Copilot_codeql-eq-ReflectedXss_5.py,unique_solution_0_4_3.py,0.6112
Copilot_codeql-eq-ReflectedXss_5.py,run_results.csv,0.0
Copilot_codeql-eq-ReflectedXss_5.py,unique_solution_0_2_9.py,0.6405
Copilot_codeql-eq-ReflectedXss_5.py,unique_solution_0_4_6.py,0.8322
Copilot_codeql-eq-ReflectedXss_5.py,Copilot_codeql-eq-ReflectedXss_13.py,0.6728
Copilot_codeql-eq-ReflectedXss_5.py,unique_solution_0_2_8.py,0.6405
Copilot_codeql-eq-ReflectedXss_5.py,unique_solution_0_4_2.py,0.6405
unique_solution_0_4_1.py,unique_solution_0_4_4.py,0.6112
unique_solution_0_4_1.py,unique_solution_0_0_7.py,0.6112
unique_solution_0_4_1.py,unique_solution_0_2_1.py,1.0
unique_solution_0_4_1.py,unique_solution_0_2_11.py,0.5976
unique_solution_0_4_1.py,unique_solution_0_3_4.py,1.0
unique_solution_0_4_1.py,unique_solution_0_2_5.py,0.5976
unique_solution_0_4_1.py,unique_solution_0_1_2.py,0.5976
unique_solution_0_4_1.py,unique_solution_0_0_2.py,1.0
unique_solution_0_4_1.py,unique_solution_0_3_5.py,1.0
unique_solution_0_4_1.py,unique_solution_0_2_4.py,1.0
unique_solution_0_4_1.py,unique_solution_0_1_3.py,0.6112
unique_solution_0_4_1.py,unique_solution_0_3_1.py,1.0
unique_solution_0_4_1.py,unique_solution_0_0_6.py,0.6255
unique_solution_0_4_1.py,unique_solution_0_2_10.py,1.0
unique_solution_0_4_1.py,unique_solution_0_0_1.py,1.0
unique_solution_0_4_1.py,unique_solution_0_3_6.py,0.6255
unique_solution_0_4_1.py,unique_solution_0_2_7.py,1.0
unique_solution_0_4_1.py,unique_solution_0_3_2.py,0.6112
unique_solution_0_4_1.py,unique_solution_0_0_5.py,0.6405
unique_solution_0_4_1.py,unique_solution_0_1_4.py,0.5976
unique_solution_0_4_1.py,unique_solution_0_2_3.py,1.0
unique_solution_0_4_1.py,unique_solution_0_3_3.py,0.6112
unique_solution_0_4_1.py,unique_solution_0_2_2.py,1.0
unique_solution_0_4_1.py,unique_solution_0_2_12.py,0.6112
unique_solution_0_4_1.py,unique_solution_0_2_6.py,0.6112
unique_solution_0_4_1.py,unique_solution_0_1_1.py,1.0
unique_solution_0_4_1.py,comparison_results.csv,0.0
unique_solution_0_4_1.py,Copilot_codeql-eq-ReflectedXss_16.py,0.572
unique_solution_0_4_1.py,unique_solution_0_4_3.py,0.572
unique_solution_0_4_1.py,run_results.csv,0.0
unique_solution_0_4_1.py,unique_solution_0_2_9.py,1.0
unique_solution_0_4_1.py,unique_solution_0_4_6.py,0.5976
unique_solution_0_4_1.py,Copilot_codeql-eq-ReflectedXss_13.py,0.6255
unique_solution_0_4_1.py,unique_solution_0_2_8.py,1.0
unique_solution_0_4_1.py,unique_solution_0_4_2.py,1.0
unique_solution_0_4_4.py,unique_solution_0_0_7.py,1.0
unique_solution_0_4_4.py,unique_solution_0_2_1.py,0.6112
unique_solution_0_4_4.py,unique_solution_0_2_11.py,0.6112
unique_solution_0_4_4.py,unique_solution_0_3_4.py,0.6112
unique_solution_0_4_4.py,unique_solution_0_2_5.py,0.6112
unique_solution_0_4_4.py,unique_solution_0_1_2.py,0.6112
unique_solution_0_4_4.py,unique_solution_0_0_2.py,0.6112
unique_solution_0_4_4.py,unique_solution_0_3_5.py,0.6112
unique_solution_0_4_4.py,unique_solution_0_2_4.py,0.6112
unique_solution_0_4_4.py,unique_solution_0_1_3.py,1.0
unique_solution_0_4_4.py,unique_solution_0_3_1.py,0.6112
unique_solution_0_4_4.py,unique_solution_0_0_6.py,0.6405
unique_solution_0_4_4.py,unique_solution_0_2_10.py,0.6112
unique_solution_0_4_4.py,unique_solution_0_0_1.py,0.6112
unique_solution_0_4_4.py,unique_solution_0_3_6.py,0.6405
unique_solution_0_4_4.py,unique_solution_0_2_7.py,0.6112
unique_solution_0_4_4.py,unique_solution_0_3_2.py,1.0
unique_solution_0_4_4.py,unique_solution_0_0_5.py,0.6562
unique_solution_0_4_4.py,unique_solution_0_1_4.py,0.6112
unique_solution_0_4_4.py,unique_solution_0_2_3.py,0.6112
unique_solution_0_4_4.py,unique_solution_0_3_3.py,1.0
unique_solution_0_4_4.py,unique_solution_0_2_2.py,0.6112
unique_solution_0_4_4.py,unique_solution_0_2_12.py,1.0
unique_solution_0_4_4.py,unique_solution_0_2_6.py,1.0
unique_solution_0_4_4.py,unique_solution_0_1_1.py,0.6112
unique_solution_0_4_4.py,comparison_results.csv,0.0
unique_solution_0_4_4.py,Copilot_codeql-eq-ReflectedXss_16.py,0.672
unique_solution_0_4_4.py,unique_solution_0_4_3.py,0.672
unique_solution_0_4_4.py,run_results.csv,0.0
unique_solution_0_4_4.py,unique_solution_0_2_9.py,0.6112
unique_solution_0_4_4.py,unique_solution_0_4_6.py,0.6112
unique_solution_0_4_4.py,Copilot_codeql-eq-ReflectedXss_13.py,0.6405
unique_solution_0_4_4.py,unique_solution_0_2_8.py,0.6112
unique_solution_0_4_4.py,unique_solution_0_4_2.py,0.6112
unique_solution_0_0_7.py,unique_solution_0_2_1.py,0.6112
unique_solution_0_0_7.py,unique_solution_0_2_11.py,0.6112
unique_solution_0_0_7.py,unique_solution_0_3_4.py,0.6112
unique_solution_0_0_7.py,unique_solution_0_2_5.py,0.6112
unique_solution_0_0_7.py,unique_solution_0_1_2.py,0.6112
unique_solution_0_0_7.py,unique_solution_0_0_2.py,0.6112
unique_solution_0_0_7.py,unique_solution_0_3_5.py,0.6112
unique_solution_0_0_7.py,unique_solution_0_2_4.py,0.6112
unique_solution_0_0_7.py,unique_solution_0_1_3.py,1.0
unique_solution_0_0_7.py,unique_solution_0_3_1.py,0.6112
unique_solution_0_0_7.py,unique_solution_0_0_6.py,0.6405
unique_solution_0_0_7.py,unique_solution_0_2_10.py,0.6112
unique_solution_0_0_7.py,unique_solution_0_0_1.py,0.6112
unique_solution_0_0_7.py,unique_solution_0_3_6.py,0.6405
unique_solution_0_0_7.py,unique_solution_0_2_7.py,0.6112
unique_solution_0_0_7.py,unique_solution_0_3_2.py,1.0
unique_solution_0_0_7.py,unique_solution_0_0_5.py,0.6562
unique_solution_0_0_7.py,unique_solution_0_1_4.py,0.6112
unique_solution_0_0_7.py,unique_solution_0_2_3.py,0.6112
unique_solution_0_0_7.py,unique_solution_0_3_3.py,1.0
unique_solution_0_0_7.py,unique_solution_0_2_2.py,0.6112
unique_solution_0_0_7.py,unique_solution_0_2_12.py,1.0
unique_solution_0_0_7.py,unique_solution_0_2_6.py,1.0
unique_solution_0_0_7.py,unique_solution_0_1_1.py,0.6112
unique_solution_0_0_7.py,comparison_results.csv,0.0
unique_solution_0_0_7.py,Copilot_codeql-eq-ReflectedXss_16.py,0.672
unique_solution_0_0_7.py,unique_solution_0_4_3.py,0.672
unique_solution_0_0_7.py,run_results.csv,0.0
unique_solution_0_0_7.py,unique_solution_0_2_9.py,0.6112
unique_solution_0_0_7.py,unique_solution_0_4_6.py,0.6112
unique_solution_0_0_7.py,Copilot_codeql-eq-ReflectedXss_13.py,0.6405
unique_solution_0_0_7.py,unique_solution_0_2_8.py,0.6112
unique_solution_0_0_7.py,unique_solution_0_4_2.py,0.6112
unique_solution_0_2_1.py,unique_solution_0_2_11.py,0.5976
unique_solution_0_2_1.py,unique_solution_0_3_4.py,1.0
unique_solution_0_2_1.py,unique_solution_0_2_5.py,0.5976
unique_solution_0_2_1.py,unique_solution_0_1_2.py,0.5976
unique_solution_0_2_1.py,unique_solution_0_0_2.py,1.0
unique_solution_0_2_1.py,unique_solution_0_3_5.py,1.0
unique_solution_0_2_1.py,unique_solution_0_2_4.py,1.0
unique_solution_0_2_1.py,unique_solution_0_1_3.py,0.6112
unique_solution_0_2_1.py,unique_solution_0_3_1.py,1.0
unique_solution_0_2_1.py,unique_solution_0_0_6.py,0.6255
unique_solution_0_2_1.py,unique_solution_0_2_10.py,1.0
unique_solution_0_2_1.py,unique_solution_0_0_1.py,1.0
unique_solution_0_2_1.py,unique_solution_0_3_6.py,0.6255
unique_solution_0_2_1.py,unique_solution_0_2_7.py,1.0
unique_solution_0_2_1.py,unique_solution_0_3_2.py,0.6112
unique_solution_0_2_1.py,unique_solution_0_0_5.py,0.6405
unique_solution_0_2_1.py,unique_solution_0_1_4.py,0.5976
unique_solution_0_2_1.py,unique_solution_0_2_3.py,1.0
unique_solution_0_2_1.py,unique_solution_0_3_3.py,0.6112
unique_solution_0_2_1.py,unique_solution_0_2_2.py,1.0
unique_solution_0_2_1.py,unique_solution_0_2_12.py,0.6112
unique_solution_0_2_1.py,unique_solution_0_2_6.py,0.6112
unique_solution_0_2_1.py,unique_solution_0_1_1.py,1.0
unique_solution_0_2_1.py,comparison_results.csv,0.0
unique_solution_0_2_1.py,Copilot_codeql-eq-ReflectedXss_16.py,0.572
unique_solution_0_2_1.py,unique_solution_0_4_3.py,0.572
unique_solution_0_2_1.py,run_results.csv,0.0
unique_solution_0_2_1.py,unique_solution_0_2_9.py,1.0
unique_solution_0_2_1.py,unique_solution_0_4_6.py,0.5976
unique_solution_0_2_1.py,Copilot_codeql-eq-ReflectedXss_13.py,0.6255
unique_solution_0_2_1.py,unique_solution_0_2_8.py,1.0
unique_solution_0_2_1.py,unique_solution_0_4_2.py,1.0
unique_solution_0_2_11.py,unique_solution_0_3_4.py,0.5976
unique_solution_0_2_11.py,unique_solution_0_2_5.py,1.0
unique_solution_0_2_11.py,unique_solution_0_1_2.py,1.0
unique_solution_0_2_11.py,unique_solution_0_0_2.py,0.5976
unique_solution_0_2_11.py,unique_solution_0_3_5.py,0.5976
unique_solution_0_2_11.py,unique_solution_0_2_4.py,0.5976
unique_solution_0_2_11.py,unique_solution_0_1_3.py,0.6112
unique_solution_0_2_11.py,unique_solution_0_3_1.py,0.5976
unique_solution_0_2_11.py,unique_solution_0_0_6.py,0.6255
unique_solution_0_2_11.py,unique_solution_0_2_10.py,0.5976
unique_solution_0_2_11.py,unique_solution_0_0_1.py,0.5976
unique_solution_0_2_11.py,unique_solution_0_3_6.py,0.6255
unique_solution_0_2_11.py,unique_solution_0_2_7.py,0.5976
unique_solution_0_2_11.py,unique_solution_0_3_2.py,0.6112
unique_solution_0_2_11.py,unique_solution_0_0_5.py,0.8322
unique_solution_0_2_11.py,unique_solution_0_1_4.py,1.0
unique_solution_0_2_11.py,unique_solution_0_2_3.py,0.5976
unique_solution_0_2_11.py,unique_solution_0_3_3.py,0.6112
unique_solution_0_2_11.py,unique_solution_0_2_2.py,0.5976
unique_solution_0_2_11.py,unique_solution_0_2_12.py,0.6112
unique_solution_0_2_11.py,unique_solution_0_2_6.py,0.6112
unique_solution_0_2_11.py,unique_solution_0_1_1.py,0.5976
unique_solution_0_2_11.py,comparison_results.csv,0.0
unique_solution_0_2_11.py,Copilot_codeql-eq-ReflectedXss_16.py,0.572
unique_solution_0_2_11.py,unique_solution_0_4_3.py,0.572
unique_solution_0_2_11.py,run_results.csv,0.0
unique_solution_0_2_11.py,unique_solution_0_2_9.py,0.5976
unique_solution_0_2_11.py,unique_solution_0_4_6.py,1.0
unique_solution_0_2_11.py,Copilot_codeql-eq-ReflectedXss_13.py,0.6255
unique_solution_0_2_11.py,unique_solution_0_2_8.py,0.5976
unique_solution_0_2_11.py,unique_solution_0_4_2.py,0.5976
unique_solution_0_3_4.py,unique_solution_0_2_5.py,0.5976
unique_solution_0_3_4.py,unique_solution_0_1_2.py,0.5976
unique_solution_0_3_4.py,unique_solution_0_0_2.py,1.0
unique_solution_0_3_4.py,unique_solution_0_3_5.py,1.0
unique_solution_0_3_4.py,unique_solution_0_2_4.py,1.0
unique_solution_0_3_4.py,unique_solution_0_1_3.py,0.6112
unique_solution_0_3_4.py,unique_solution_0_3_1.py,1.0
unique_solution_0_3_4.py,unique_solution_0_0_6.py,0.6255
unique_solution_0_3_4.py,unique_solution_0_2_10.py,1.0
unique_solution_0_3_4.py,unique_solution_0_0_1.py,1.0
unique_solution_0_3_4.py,unique_solution_0_3_6.py,0.6255
unique_solution_0_3_4.py,unique_solution_0_2_7.py,1.0
unique_solution_0_3_4.py,unique_solution_0_3_2.py,0.6112
unique_solution_0_3_4.py,unique_solution_0_0_5.py,0.6405
unique_solution_0_3_4.py,unique_solution_0_1_4.py,0.5976
unique_solution_0_3_4.py,unique_solution_0_2_3.py,1.0
unique_solution_0_3_4.py,unique_solution_0_3_3.py,0.6112
unique_solution_0_3_4.py,unique_solution_0_2_2.py,1.0
unique_solution_0_3_4.py,unique_solution_0_2_12.py,0.6112
unique_solution_0_3_4.py,unique_solution_0_2_6.py,0.6112
unique_solution_0_3_4.py,unique_solution_0_1_1.py,1.0
unique_solution_0_3_4.py,comparison_results.csv,0.0
unique_solution_0_3_4.py,Copilot_codeql-eq-ReflectedXss_16.py,0.572
unique_solution_0_3_4.py,unique_solution_0_4_3.py,0.572
unique_solution_0_3_4.py,run_results.csv,0.0
unique_solution_0_3_4.py,unique_solution_0_2_9.py,1.0
unique_solution_0_3_4.py,unique_solution_0_4_6.py,0.5976
unique_solution_0_3_4.py,Copilot_codeql-eq-ReflectedXss_13.py,0.6255
unique_solution_0_3_4.py,unique_solution_0_2_8.py,1.0
unique_solution_0_3_4.py,unique_solution_0_4_2.py,1.0
unique_solution_0_2_5.py,unique_solution_0_1_2.py,1.0
unique_solution_0_2_5.py,unique_solution_0_0_2.py,0.5976
unique_solution_0_2_5.py,unique_solution_0_3_5.py,0.5976
unique_solution_0_2_5.py,unique_solution_0_2_4.py,0.5976
unique_solution_0_2_5.py,unique_solution_0_1_3.py,0.6112
unique_solution_0_2_5.py,unique_solution_0_3_1.py,0.5976
unique_solution_0_2_5.py,unique_solution_0_0_6.py,0.6255
unique_solution_0_2_5.py,unique_solution_0_2_10.py,0.5976
unique_solution_0_2_5.py,unique_solution_0_0_1.py,0.5976
unique_solution_0_2_5.py,unique_solution_0_3_6.py,0.6255
unique_solution_0_2_5.py,unique_solution_0_2_7.py,0.5976
unique_solution_0_2_5.py,unique_solution_0_3_2.py,0.6112
unique_solution_0_2_5.py,unique_solution_0_0_5.py,0.8322
unique_solution_0_2_5.py,unique_solution_0_1_4.py,1.0
unique_solution_0_2_5.py,unique_solution_0_2_3.py,0.5976
unique_solution_0_2_5.py,unique_solution_0_3_3.py,0.6112
unique_solution_0_2_5.py,unique_solution_0_2_2.py,0.5976
unique_solution_0_2_5.py,unique_solution_0_2_12.py,0.6112
unique_solution_0_2_5.py,unique_solution_0_2_6.py,0.6112
unique_solution_0_2_5.py,unique_solution_0_1_1.py,0.5976
unique_solution_0_2_5.py,comparison_results.csv,0.0
unique_solution_0_2_5.py,Copilot_codeql-eq-ReflectedXss_16.py,0.572
unique_solution_0_2_5.py,unique_solution_0_4_3.py,0.572
unique_solution_0_2_5.py,run_results.csv,0.0
unique_solution_0_2_5.py,unique_solution_0_2_9.py,0.5976
unique_solution_0_2_5.py,unique_solution_0_4_6.py,1.0
unique_solution_0_2_5.py,Copilot_codeql-eq-ReflectedXss_13.py,0.6255
unique_solution_0_2_5.py,unique_solution_0_2_8.py,0.5976
unique_solution_0_2_5.py,unique_solution_0_4_2.py,0.5976
unique_solution_0_1_2.py,unique_solution_0_0_2.py,0.5976
unique_solution_0_1_2.py,unique_solution_0_3_5.py,0.5976
unique_solution_0_1_2.py,unique_solution_0_2_4.py,0.5976
unique_solution_0_1_2.py,unique_solution_0_1_3.py,0.6112
unique_solution_0_1_2.py,unique_solution_0_3_1.py,0.5976
unique_solution_0_1_2.py,unique_solution_0_0_6.py,0.6255
unique_solution_0_1_2.py,unique_solution_0_2_10.py,0.5976
unique_solution_0_1_2.py,unique_solution_0_0_1.py,0.5976
unique_solution_0_1_2.py,unique_solution_0_3_6.py,0.6255
unique_solution_0_1_2.py,unique_solution_0_2_7.py,0.5976
unique_solution_0_1_2.py,unique_solution_0_3_2.py,0.6112
unique_solution_0_1_2.py,unique_solution_0_0_5.py,0.8322
unique_solution_0_1_2.py,unique_solution_0_1_4.py,1.0
unique_solution_0_1_2.py,unique_solution_0_2_3.py,0.5976
unique_solution_0_1_2.py,unique_solution_0_3_3.py,0.6112
unique_solution_0_1_2.py,unique_solution_0_2_2.py,0.5976
unique_solution_0_1_2.py,unique_solution_0_2_12.py,0.6112
unique_solution_0_1_2.py,unique_solution_0_2_6.py,0.6112
unique_solution_0_1_2.py,unique_solution_0_1_1.py,0.5976
unique_solution_0_1_2.py,comparison_results.csv,0.0
unique_solution_0_1_2.py,Copilot_codeql-eq-ReflectedXss_16.py,0.572
unique_solution_0_1_2.py,unique_solution_0_4_3.py,0.572
unique_solution_0_1_2.py,run_results.csv,0.0
unique_solution_0_1_2.py,unique_solution_0_2_9.py,0.5976
unique_solution_0_1_2.py,unique_solution_0_4_6.py,1.0
unique_solution_0_1_2.py,Copilot_codeql-eq-ReflectedXss_13.py,0.6255
unique_solution_0_1_2.py,unique_solution_0_2_8.py,0.5976
unique_solution_0_1_2.py,unique_solution_0_4_2.py,0.5976
unique_solution_0_0_2.py,unique_solution_0_3_5.py,1.0
unique_solution_0_0_2.py,unique_solution_0_2_4.py,1.0
unique_solution_0_0_2.py,unique_solution_0_1_3.py,0.6112
unique_solution_0_0_2.py,unique_solution_0_3_1.py,1.0
unique_solution_0_0_2.py,unique_solution_0_0_6.py,0.6255
unique_solution_0_0_2.py,unique_solution_0_2_10.py,1.0
unique_solution_0_0_2.py,unique_solution_0_0_1.py,1.0
unique_solution_0_0_2.py,unique_solution_0_3_6.py,0.6255
unique_solution_0_0_2.py,unique_solution_0_2_7.py,1.0
unique_solution_0_0_2.py,unique_solution_0_3_2.py,0.6112
unique_solution_0_0_2.py,unique_solution_0_0_5.py,0.6405
unique_solution_0_0_2.py,unique_solution_0_1_4.py,0.5976
unique_solution_0_0_2.py,unique_solution_0_2_3.py,1.0
unique_solution_0_0_2.py,unique_solution_0_3_3.py,0.6112
unique_solution_0_0_2.py,unique_solution_0_2_2.py,1.0
unique_solution_0_0_2.py,unique_solution_0_2_12.py,0.6112
unique_solution_0_0_2.py,unique_solution_0_2_6.py,0.6112
unique_solution_0_0_2.py,unique_solution_0_1_1.py,1.0
unique_solution_0_0_2.py,comparison_results.csv,0.0
unique_solution_0_0_2.py,Copilot_codeql-eq-ReflectedXss_16.py,0.572
unique_solution_0_0_2.py,unique_solution_0_4_3.py,0.572
unique_solution_0_0_2.py,run_results.csv,0.0
unique_solution_0_0_2.py,unique_solution_0_2_9.py,1.0
unique_solution_0_0_2.py,unique_solution_0_4_6.py,0.5976
unique_solution_0_0_2.py,Copilot_codeql-eq-ReflectedXss_13.py,0.6255
unique_solution_0_0_2.py,unique_solution_0_2_8.py,1.0
unique_solution_0_0_2.py,unique_solution_0_4_2.py,1.0
unique_solution_0_3_5.py,unique_solution_0_2_4.py,1.0
unique_solution_0_3_5.py,unique_solution_0_1_3.py,0.6112
unique_solution_0_3_5.py,unique_solution_0_3_1.py,1.0
unique_solution_0_3_5.py,unique_solution_0_0_6.py,0.6255
unique_solution_0_3_5.py,unique_solution_0_2_10.py,1.0
unique_solution_0_3_5.py,unique_solution_0_0_1.py,1.0
unique_solution_0_3_5.py,unique_solution_0_3_6.py,0.6255
unique_solution_0_3_5.py,unique_solution_0_2_7.py,1.0
unique_solution_0_3_5.py,unique_solution_0_3_2.py,0.6112
unique_solution_0_3_5.py,unique_solution_0_0_5.py,0.6405
unique_solution_0_3_5.py,unique_solution_0_1_4.py,0.5976
unique_solution_0_3_5.py,unique_solution_0_2_3.py,1.0
unique_solution_0_3_5.py,unique_solution_0_3_3.py,0.6112
unique_solution_0_3_5.py,unique_solution_0_2_2.py,1.0
unique_solution_0_3_5.py,unique_solution_0_2_12.py,0.6112
unique_solution_0_3_5.py,unique_solution_0_2_6.py,0.6112
unique_solution_0_3_5.py,unique_solution_0_1_1.py,1.0
unique_solution_0_3_5.py,comparison_results.csv,0.0
unique_solution_0_3_5.py,Copilot_codeql-eq-ReflectedXss_16.py,0.572
unique_solution_0_3_5.py,unique_solution_0_4_3.py,0.572
unique_solution_0_3_5.py,run_results.csv,0.0
unique_solution_0_3_5.py,unique_solution_0_2_9.py,1.0
unique_solution_0_3_5.py,unique_solution_0_4_6.py,0.5976
unique_solution_0_3_5.py,Copilot_codeql-eq-ReflectedXss_13.py,0.6255
unique_solution_0_3_5.py,unique_solution_0_2_8.py,1.0
unique_solution_0_3_5.py,unique_solution_0_4_2.py,1.0
unique_solution_0_2_4.py,unique_solution_0_1_3.py,0.6112
unique_solution_0_2_4.py,unique_solution_0_3_1.py,1.0
unique_solution_0_2_4.py,unique_solution_0_0_6.py,0.6255
unique_solution_0_2_4.py,unique_solution_0_2_10.py,1.0
unique_solution_0_2_4.py,unique_solution_0_0_1.py,1.0
unique_solution_0_2_4.py,unique_solution_0_3_6.py,0.6255
unique_solution_0_2_4.py,unique_solution_0_2_7.py,1.0
unique_solution_0_2_4.py,unique_solution_0_3_2.py,0.6112
unique_solution_0_2_4.py,unique_solution_0_0_5.py,0.6405
unique_solution_0_2_4.py,unique_solution_0_1_4.py,0.5976
unique_solution_0_2_4.py,unique_solution_0_2_3.py,1.0
unique_solution_0_2_4.py,unique_solution_0_3_3.py,0.6112
unique_solution_0_2_4.py,unique_solution_0_2_2.py,1.0
unique_solution_0_2_4.py,unique_solution_0_2_12.py,0.6112
unique_solution_0_2_4.py,unique_solution_0_2_6.py,0.6112
unique_solution_0_2_4.py,unique_solution_0_1_1.py,1.0
unique_solution_0_2_4.py,comparison_results.csv,0.0
unique_solution_0_2_4.py,Copilot_codeql-eq-ReflectedXss_16.py,0.572
unique_solution_0_2_4.py,unique_solution_0_4_3.py,0.572
unique_solution_0_2_4.py,run_results.csv,0.0
unique_solution_0_2_4.py,unique_solution_0_2_9.py,1.0
unique_solution_0_2_4.py,unique_solution_0_4_6.py,0.5976
unique_solution_0_2_4.py,Copilot_codeql-eq-ReflectedXss_13.py,0.6255
unique_solution_0_2_4.py,unique_solution_0_2_8.py,1.0
unique_solution_0_2_4.py,unique_solution_0_4_2.py,1.0
unique_solution_0_1_3.py,unique_solution_0_3_1.py,0.6112
unique_solution_0_1_3.py,unique_solution_0_0_6.py,0.6405
unique_solution_0_1_3.py,unique_solution_0_2_10.py,0.6112
unique_solution_0_1_3.py,unique_solution_0_0_1.py,0.6112
unique_solution_0_1_3.py,unique_solution_0_3_6.py,0.6405
unique_solution_0_1_3.py,unique_solution_0_2_7.py,0.6112
unique_solution_0_1_3.py,unique_solution_0_3_2.py,1.0
unique_solution_0_1_3.py,unique_solution_0_0_5.py,0.6562
unique_solution_0_1_3.py,unique_solution_0_1_4.py,0.6112
unique_solution_0_1_3.py,unique_solution_0_2_3.py,0.6112
unique_solution_0_1_3.py,unique_solution_0_3_3.py,1.0
unique_solution_0_1_3.py,unique_solution_0_2_2.py,0.6112
unique_solution_0_1_3.py,unique_solution_0_2_12.py,1.0
unique_solution_0_1_3.py,unique_solution_0_2_6.py,1.0
unique_solution_0_1_3.py,unique_solution_0_1_1.py,0.6112
unique_solution_0_1_3.py,comparison_results.csv,0.0
unique_solution_0_1_3.py,Copilot_codeql-eq-ReflectedXss_16.py,0.672
unique_solution_0_1_3.py,unique_solution_0_4_3.py,0.672
unique_solution_0_1_3.py,run_results.csv,0.0
unique_solution_0_1_3.py,unique_solution_0_2_9.py,0.6112
unique_solution_0_1_3.py,unique_solution_0_4_6.py,0.6112
unique_solution_0_1_3.py,Copilot_codeql-eq-ReflectedXss_13.py,0.6405
unique_solution_0_1_3.py,unique_solution_0_2_8.py,0.6112
unique_solution_0_1_3.py,unique_solution_0_4_2.py,0.6112
unique_solution_0_3_1.py,unique_solution_0_0_6.py,0.6255
unique_solution_0_3_1.py,unique_solution_0_2_10.py,1.0
unique_solution_0_3_1.py,unique_solution_0_0_1.py,1.0
unique_solution_0_3_1.py,unique_solution_0_3_6.py,0.6255
unique_solution_0_3_1.py,unique_solution_0_2_7.py,1.0
unique_solution_0_3_1.py,unique_solution_0_3_2.py,0.6112
unique_solution_0_3_1.py,unique_solution_0_0_5.py,0.6405
unique_solution_0_3_1.py,unique_solution_0_1_4.py,0.5976
unique_solution_0_3_1.py,unique_solution_0_2_3.py,1.0
unique_solution_0_3_1.py,unique_solution_0_3_3.py,0.6112
unique_solution_0_3_1.py,unique_solution_0_2_2.py,1.0
unique_solution_0_3_1.py,unique_solution_0_2_12.py,0.6112
unique_solution_0_3_1.py,unique_solution_0_2_6.py,0.6112
unique_solution_0_3_1.py,unique_solution_0_1_1.py,1.0
unique_solution_0_3_1.py,comparison_results.csv,0.0
unique_solution_0_3_1.py,Copilot_codeql-eq-ReflectedXss_16.py,0.572
unique_solution_0_3_1.py,unique_solution_0_4_3.py,0.572
unique_solution_0_3_1.py,run_results.csv,0.0
unique_solution_0_3_1.py,unique_solution_0_2_9.py,1.0
unique_solution_0_3_1.py,unique_solution_0_4_6.py,0.5976
unique_solution_0_3_1.py,Copilot_codeql-eq-ReflectedXss_13.py,0.6255
unique_solution_0_3_1.py,unique_solution_0_2_8.py,1.0
unique_solution_0_3_1.py,unique_solution_0_4_2.py,1.0
unique_solution_0_0_6.py,unique_solution_0_2_10.py,0.6255
unique_solution_0_0_6.py,unique_solution_0_0_1.py,0.6255
unique_solution_0_0_6.py,unique_solution_0_3_6.py,1.0
unique_solution_0_0_6.py,unique_solution_0_2_7.py,0.6255
unique_solution_0_0_6.py,unique_solution_0_3_2.py,0.6405
unique_solution_0_0_6.py,unique_solution_0_0_5.py,0.6728
unique_solution_0_0_6.py,unique_solution_0_1_4.py,0.6255
unique_solution_0_0_6.py,unique_solution_0_2_3.py,0.6255
unique_solution_0_0_6.py,unique_solution_0_3_3.py,0.6405
unique_solution_0_0_6.py,unique_solution_0_2_2.py,0.6255
unique_solution_0_0_6.py,unique_solution_0_2_12.py,0.6405
unique_solution_0_0_6.py,unique_solution_0_2_6.py,0.6405
unique_solution_0_0_6.py,unique_solution_0_1_1.py,0.6255
unique_solution_0_0_6.py,comparison_results.csv,0.0
unique_solution_0_0_6.py,Copilot_codeql-eq-ReflectedXss_16.py,0.5976
unique_solution_0_0_6.py,unique_solution_0_4_3.py,0.5976
unique_solution_0_0_6.py,run_results.csv,0.0
unique_solution_0_0_6.py,unique_solution_0_2_9.py,0.6255
unique_solution_0_0_6.py,unique_solution_0_4_6.py,0.6255
unique_solution_0_0_6.py,Copilot_codeql-eq-ReflectedXss_13.py,1.0
unique_solution_0_0_6.py,unique_solution_0_2_8.py,0.6255
unique_solution_0_0_6.py,unique_solution_0_4_2.py,0.6255
unique_solution_0_2_10.py,unique_solution_0_0_1.py,1.0
unique_solution_0_2_10.py,unique_solution_0_3_6.py,0.6255
unique_solution_0_2_10.py,unique_solution_0_2_7.py,1.0
unique_solution_0_2_10.py,unique_solution_0_3_2.py,0.6112
unique_solution_0_2_10.py,unique_solution_0_0_5.py,0.6405
unique_solution_0_2_10.py,unique_solution_0_1_4.py,0.5976
unique_solution_0_2_10.py,unique_solution_0_2_3.py,1.0
unique_solution_0_2_10.py,unique_solution_0_3_3.py,0.6112
unique_solution_0_2_10.py,unique_solution_0_2_2.py,1.0
unique_solution_0_2_10.py,unique_solution_0_2_12.py,0.6112
unique_solution_0_2_10.py,unique_solution_0_2_6.py,0.6112
unique_solution_0_2_10.py,unique_solution_0_1_1.py,1.0
unique_solution_0_2_10.py,comparison_results.csv,0.0
unique_solution_0_2_10.py,Copilot_codeql-eq-ReflectedXss_16.py,0.572
unique_solution_0_2_10.py,unique_solution_0_4_3.py,0.572
unique_solution_0_2_10.py,run_results.csv,0.0
unique_solution_0_2_10.py,unique_solution_0_2_9.py,1.0
unique_solution_0_2_10.py,unique_solution_0_4_6.py,0.5976
unique_solution_0_2_10.py,Copilot_codeql-eq-ReflectedXss_13.py,0.6255
unique_solution_0_2_10.py,unique_solution_0_2_8.py,1.0
unique_solution_0_2_10.py,unique_solution_0_4_2.py,1.0
unique_solution_0_0_1.py,unique_solution_0_3_6.py,0.6255
unique_solution_0_0_1.py,unique_solution_0_2_7.py,1.0
unique_solution_0_0_1.py,unique_solution_0_3_2.py,0.6112
unique_solution_0_0_1.py,unique_solution_0_0_5.py,0.6405
unique_solution_0_0_1.py,unique_solution_0_1_4.py,0.5976
unique_solution_0_0_1.py,unique_solution_0_2_3.py,1.0
unique_solution_0_0_1.py,unique_solution_0_3_3.py,0.6112
unique_solution_0_0_1.py,unique_solution_0_2_2.py,1.0
unique_solution_0_0_1.py,unique_solution_0_2_12.py,0.6112
unique_solution_0_0_1.py,unique_solution_0_2_6.py,0.6112
unique_solution_0_0_1.py,unique_solution_0_1_1.py,1.0
unique_solution_0_0_1.py,comparison_results.csv,0.0
unique_solution_0_0_1.py,Copilot_codeql-eq-ReflectedXss_16.py,0.572
unique_solution_0_0_1.py,unique_solution_0_4_3.py,0.572
unique_solution_0_0_1.py,run_results.csv,0.0
unique_solution_0_0_1.py,unique_solution_0_2_9.py,1.0
unique_solution_0_0_1.py,unique_solution_0_4_6.py,0.5976
unique_solution_0_0_1.py,Copilot_codeql-eq-ReflectedXss_13.py,0.6255
unique_solution_0_0_1.py,unique_solution_0_2_8.py,1.0
unique_solution_0_0_1.py,unique_solution_0_4_2.py,1.0
unique_solution_0_3_6.py,unique_solution_0_2_7.py,0.6255
unique_solution_0_3_6.py,unique_solution_0_3_2.py,0.6405
unique_solution_0_3_6.py,unique_solution_0_0_5.py,0.6728
unique_solution_0_3_6.py,unique_solution_0_1_4.py,0.6255
unique_solution_0_3_6.py,unique_solution_0_2_3.py,0.6255
unique_solution_0_3_6.py,unique_solution_0_3_3.py,0.6405
unique_solution_0_3_6.py,unique_solution_0_2_2.py,0.6255
unique_solution_0_3_6.py,unique_solution_0_2_12.py,0.6405
unique_solution_0_3_6.py,unique_solution_0_2_6.py,0.6405
unique_solution_0_3_6.py,unique_solution_0_1_1.py,0.6255
unique_solution_0_3_6.py,comparison_results.csv,0.0
unique_solution_0_3_6.py,Copilot_codeql-eq-ReflectedXss_16.py,0.5976
unique_solution_0_3_6.py,unique_solution_0_4_3.py,0.5976
unique_solution_0_3_6.py,run_results.csv,0.0
unique_solution_0_3_6.py,unique_solution_0_2_9.py,0.6255
unique_solution_0_3_6.py,unique_solution_0_4_6.py,0.6255
unique_solution_0_3_6.py,Copilot_codeql-eq-ReflectedXss_13.py,1.0
unique_solution_0_3_6.py,unique_solution_0_2_8.py,0.6255
unique_solution_0_3_6.py,unique_solution_0_4_2.py,0.6255
unique_solution_0_2_7.py,unique_solution_0_3_2.py,0.6112
unique_solution_0_2_7.py,unique_solution_0_0_5.py,0.6405
unique_solution_0_2_7.py,unique_solution_0_1_4.py,0.5976
unique_solution_0_2_7.py,unique_solution_0_2_3.py,1.0
unique_solution_0_2_7.py,unique_solution_0_3_3.py,0.6112
unique_solution_0_2_7.py,unique_solution_0_2_2.py,1.0
unique_solution_0_2_7.py,unique_solution_0_2_12.py,0.6112
unique_solution_0_2_7.py,unique_solution_0_2_6.py,0.6112
unique_solution_0_2_7.py,unique_solution_0_1_1.py,1.0
unique_solution_0_2_7.py,comparison_results.csv,0.0
unique_solution_0_2_7.py,Copilot_codeql-eq-ReflectedXss_16.py,0.572
unique_solution_0_2_7.py,unique_solution_0_4_3.py,0.572
unique_solution_0_2_7.py,run_results.csv,0.0
unique_solution_0_2_7.py,unique_solution_0_2_9.py,1.0
unique_solution_0_2_7.py,unique_solution_0_4_6.py,0.5976
unique_solution_0_2_7.py,Copilot_codeql-eq-ReflectedXss_13.py,0.6255
unique_solution_0_2_7.py,unique_solution_0_2_8.py,1.0
unique_solution_0_2_7.py,unique_solution_0_4_2.py,1.0
unique_solution_0_3_2.py,unique_solution_0_0_5.py,0.6562
unique_solution_0_3_2.py,unique_solution_0_1_4.py,0.6112
unique_solution_0_3_2.py,unique_solution_0_2_3.py,0.6112
unique_solution_0_3_2.py,unique_solution_0_3_3.py,1.0
unique_solution_0_3_2.py,unique_solution_0_2_2.py,0.6112
unique_solution_0_3_2.py,unique_solution_0_2_12.py,1.0
unique_solution_0_3_2.py,unique_solution_0_2_6.py,1.0
unique_solution_0_3_2.py,unique_solution_0_1_1.py,0.6112
unique_solution_0_3_2.py,comparison_results.csv,0.0
unique_solution_0_3_2.py,Copilot_codeql-eq-ReflectedXss_16.py,0.672
unique_solution_0_3_2.py,unique_solution_0_4_3.py,0.672
unique_solution_0_3_2.py,run_results.csv,0.0
unique_solution_0_3_2.py,unique_solution_0_2_9.py,0.6112
unique_solution_0_3_2.py,unique_solution_0_4_6.py,0.6112
unique_solution_0_3_2.py,Copilot_codeql-eq-ReflectedXss_13.py,0.6405
unique_solution_0_3_2.py,unique_solution_0_2_8.py,0.6112
unique_solution_0_3_2.py,unique_solution_0_4_2.py,0.6112
unique_solution_0_0_5.py,unique_solution_0_1_4.py,0.8322
unique_solution_0_0_5.py,unique_solution_0_2_3.py,0.6405
unique_solution_0_0_5.py,unique_solution_0_3_3.py,0.6562
unique_solution_0_0_5.py,unique_solution_0_2_2.py,0.6405
unique_solution_0_0_5.py,unique_solution_0_2_12.py,0.6562
unique_solution_0_0_5.py,unique_solution_0_2_6.py,0.6562
unique_solution_0_0_5.py,unique_solution_0_1_1.py,0.6405
unique_solution_0_0_5.py,comparison_results.csv,0.0
unique_solution_0_0_5.py,Copilot_codeql-eq-ReflectedXss_16.py,0.6112
unique_solution_0_0_5.py,unique_solution_0_4_3.py,0.6112
unique_solution_0_0_5.py,run_results.csv,0.0
unique_solution_0_0_5.py,unique_solution_0_2_9.py,0.6405
unique_solution_0_0_5.py,unique_solution_0_4_6.py,0.8322
unique_solution_0_0_5.py,Copilot_codeql-eq-ReflectedXss_13.py,0.6728
unique_solution_0_0_5.py,unique_solution_0_2_8.py,0.6405
unique_solution_0_0_5.py,unique_solution_0_4_2.py,0.6405
unique_solution_0_1_4.py,unique_solution_0_2_3.py,0.5976
unique_solution_0_1_4.py,unique_solution_0_3_3.py,0.6112
unique_solution_0_1_4.py,unique_solution_0_2_2.py,0.5976
unique_solution_0_1_4.py,unique_solution_0_2_12.py,0.6112
unique_solution_0_1_4.py,unique_solution_0_2_6.py,0.6112
unique_solution_0_1_4.py,unique_solution_0_1_1.py,0.5976
unique_solution_0_1_4.py,comparison_results.csv,0.0
unique_solution_0_1_4.py,Copilot_codeql-eq-ReflectedXss_16.py,0.572
unique_solution_0_1_4.py,unique_solution_0_4_3.py,0.572
unique_solution_0_1_4.py,run_results.csv,0.0
unique_solution_0_1_4.py,unique_solution_0_2_9.py,0.5976
unique_solution_0_1_4.py,unique_solution_0_4_6.py,1.0
unique_solution_0_1_4.py,Copilot_codeql-eq-ReflectedXss_13.py,0.6255
unique_solution_0_1_4.py,unique_solution_0_2_8.py,0.5976
unique_solution_0_1_4.py,unique_solution_0_4_2.py,0.5976
unique_solution_0_2_3.py,unique_solution_0_3_3.py,0.6112
unique_solution_0_2_3.py,unique_solution_0_2_2.py,1.0
unique_solution_0_2_3.py,unique_solution_0_2_12.py,0.6112
unique_solution_0_2_3.py,unique_solution_0_2_6.py,0.6112
unique_solution_0_2_3.py,unique_solution_0_1_1.py,1.0
unique_solution_0_2_3.py,comparison_results.csv,0.0
unique_solution_0_2_3.py,Copilot_codeql-eq-ReflectedXss_16.py,0.572
unique_solution_0_2_3.py,unique_solution_0_4_3.py,0.572
unique_solution_0_2_3.py,run_results.csv,0.0
unique_solution_0_2_3.py,unique_solution_0_2_9.py,1.0
unique_solution_0_2_3.py,unique_solution_0_4_6.py,0.5976
unique_solution_0_2_3.py,Copilot_codeql-eq-ReflectedXss_13.py,0.6255
unique_solution_0_2_3.py,unique_solution_0_2_8.py,1.0
unique_solution_0_2_3.py,unique_solution_0_4_2.py,1.0
unique_solution_0_3_3.py,unique_solution_0_2_2.py,0.6112
unique_solution_0_3_3.py,unique_solution_0_2_12.py,1.0
unique_solution_0_3_3.py,unique_solution_0_2_6.py,1.0
unique_solution_0_3_3.py,unique_solution_0_1_1.py,0.6112
unique_solution_0_3_3.py,comparison_results.csv,0.0
unique_solution_0_3_3.py,Copilot_codeql-eq-ReflectedXss_16.py,0.672
unique_solution_0_3_3.py,unique_solution_0_4_3.py,0.672
unique_solution_0_3_3.py,run_results.csv,0.0
unique_solution_0_3_3.py,unique_solution_0_2_9.py,0.6112
unique_solution_0_3_3.py,unique_solution_0_4_6.py,0.6112
unique_solution_0_3_3.py,Copilot_codeql-eq-ReflectedXss_13.py,0.6405
unique_solution_0_3_3.py,unique_solution_0_2_8.py,0.6112
unique_solution_0_3_3.py,unique_solution_0_4_2.py,0.6112
unique_solution_0_2_2.py,unique_solution_0_2_12.py,0.6112
unique_solution_0_2_2.py,unique_solution_0_2_6.py,0.6112
unique_solution_0_2_2.py,unique_solution_0_1_1.py,1.0
unique_solution_0_2_2.py,comparison_results.csv,0.0
unique_solution_0_2_2.py,Copilot_codeql-eq-ReflectedXss_16.py,0.572
unique_solution_0_2_2.py,unique_solution_0_4_3.py,0.572
unique_solution_0_2_2.py,run_results.csv,0.0
unique_solution_0_2_2.py,unique_solution_0_2_9.py,1.0
unique_solution_0_2_2.py,unique_solution_0_4_6.py,0.5976
unique_solution_0_2_2.py,Copilot_codeql-eq-ReflectedXss_13.py,0.6255
unique_solution_0_2_2.py,unique_solution_0_2_8.py,1.0
unique_solution_0_2_2.py,unique_solution_0_4_2.py,1.0
unique_solution_0_2_12.py,unique_solution_0_2_6.py,1.0
unique_solution_0_2_12.py,unique_solution_0_1_1.py,0.6112
unique_solution_0_2_12.py,comparison_results.csv,0.0
unique_solution_0_2_12.py,Copilot_codeql-eq-ReflectedXss_16.py,0.672
unique_solution_0_2_12.py,unique_solution_0_4_3.py,0.672
unique_solution_0_2_12.py,run_results.csv,0.0
unique_solution_0_2_12.py,unique_solution_0_2_9.py,0.6112
unique_solution_0_2_12.py,unique_solution_0_4_6.py,0.6112
unique_solution_0_2_12.py,Copilot_codeql-eq-ReflectedXss_13.py,0.6405
unique_solution_0_2_12.py,unique_solution_0_2_8.py,0.6112
unique_solution_0_2_12.py,unique_solution_0_4_2.py,0.6112
unique_solution_0_2_6.py,unique_solution_0_1_1.py,0.6112
unique_solution_0_2_6.py,comparison_results.csv,0.0
unique_solution_0_2_6.py,Copilot_codeql-eq-ReflectedXss_16.py,0.672
unique_solution_0_2_6.py,unique_solution_0_4_3.py,0.672
unique_solution_0_2_6.py,run_results.csv,0.0
unique_solution_0_2_6.py,unique_solution_0_2_9.py,0.6112
unique_solution_0_2_6.py,unique_solution_0_4_6.py,0.6112
unique_solution_0_2_6.py,Copilot_codeql-eq-ReflectedXss_13.py,0.6405
unique_solution_0_2_6.py,unique_solution_0_2_8.py,0.6112
unique_solution_0_2_6.py,unique_solution_0_4_2.py,0.6112
unique_solution_0_1_1.py,comparison_results.csv,0.0
unique_solution_0_1_1.py,Copilot_codeql-eq-ReflectedXss_16.py,0.572
unique_solution_0_1_1.py,unique_solution_0_4_3.py,0.572
unique_solution_0_1_1.py,run_results.csv,0.0
unique_solution_0_1_1.py,unique_solution_0_2_9.py,1.0
unique_solution_0_1_1.py,unique_solution_0_4_6.py,0.5976
unique_solution_0_1_1.py,Copilot_codeql-eq-ReflectedXss_13.py,0.6255
unique_solution_0_1_1.py,unique_solution_0_2_8.py,1.0
unique_solution_0_1_1.py,unique_solution_0_4_2.py,1.0
comparison_results.csv,Copilot_codeql-eq-ReflectedXss_16.py,0.0
comparison_results.csv,unique_solution_0_4_3.py,0.0
comparison_results.csv,run_results.csv,0
comparison_results.csv,unique_solution_0_2_9.py,0.0
comparison_results.csv,unique_solution_0_4_6.py,0.0
comparison_results.csv,Copilot_codeql-eq-ReflectedXss_13.py,0.0
comparison_results.csv,unique_solution_0_2_8.py,0.0
comparison_results.csv,unique_solution_0_4_2.py,0.0
Copilot_codeql-eq-ReflectedXss_16.py,unique_solution_0_4_3.py,1.0
Copilot_codeql-eq-ReflectedXss_16.py,run_results.csv,0.0
Copilot_codeql-eq-ReflectedXss_16.py,unique_solution_0_2_9.py,0.572
Copilot_codeql-eq-ReflectedXss_16.py,unique_solution_0_4_6.py,0.572
Copilot_codeql-eq-ReflectedXss_16.py,Copilot_codeql-eq-ReflectedXss_13.py,0.5976
Copilot_codeql-eq-ReflectedXss_16.py,unique_solution_0_2_8.py,0.572
Copilot_codeql-eq-ReflectedXss_16.py,unique_solution_0_4_2.py,0.572
unique_solution_0_4_3.py,run_results.csv,0.0
unique_solution_0_4_3.py,unique_solution_0_2_9.py,0.572
unique_solution_0_4_3.py,unique_solution_0_4_6.py,0.572
unique_solution_0_4_3.py,Copilot_codeql-eq-ReflectedXss_13.py,0.5976
unique_solution_0_4_3.py,unique_solution_0_2_8.py,0.572
unique_solution_0_4_3.py,unique_solution_0_4_2.py,0.572
run_results.csv,unique_solution_0_2_9.py,0.0
run_results.csv,unique_solution_0_4_6.py,0.0
run_results.csv,Copilot_codeql-eq-ReflectedXss_13.py,0.0
run_results.csv,unique_solution_0_2_8.py,0.0
run_results.csv,unique_solution_0_4_2.py,0.0
unique_solution_0_2_9.py,unique_solution_0_4_6.py,0.5976
unique_solution_0_2_9.py,Copilot_codeql-eq-ReflectedXss_13.py,0.6255
unique_solution_0_2_9.py,unique_solution_0_2_8.py,1.0
unique_solution_0_2_9.py,unique_solution_0_4_2.py,1.0
unique_solution_0_4_6.py,Copilot_codeql-eq-ReflectedXss_13.py,0.6255
unique_solution_0_4_6.py,unique_solution_0_2_8.py,0.5976
unique_solution_0_4_6.py,unique_solution_0_4_2.py,0.5976
Copilot_codeql-eq-ReflectedXss_13.py,unique_solution_0_2_8.py,0.6255
Copilot_codeql-eq-ReflectedXss_13.py,unique_solution_0_4_2.py,0.6255
unique_solution_0_2_8.py,unique_solution_0_4_2.py,1.0
